[transformers] `torch_dtype` is deprecated! Use `dtype` instead!
[transformers] The fast path is not available because one of the required library is not installed. Falling back to torch implementation. To install follow https://github.com/fla-org/flash-linear-attention#installation and https://github.com/Dao-AILab/causal-conv1d
Configuration:
{
  "model_id": "Qwen/Qwen3.5-0.8B-Base",
  "sat_test_path": "dataset/sft_by_label/sat/test.jsonl",
  "unsat_test_path": "dataset/sft_by_label/unsat/test.jsonl",
  "output_dir": "results/baseline_qwen35_08b_base_results",
  "max_new_tokens": 8192,
  "do_sample": false,
  "temperature": 0.0,
  "top_p": 1.0,
  "limit_per_split": null,
  "local_files_only": false,
  "stream_output": true,
  "overwrite": false
}
Loaded SAT test rows:   20
Loaded UNSAT test rows: 20
Loaded total rows:      40
Loaded existing completed results: 0
Loading tokenizer: Qwen/Qwen3.5-0.8B-Base
Loading model: Qwen/Qwen3.5-0.8B-Base
torch.cuda.is_available(): True
Using dtype: torch.bfloat16
Loading weights:   0%|          | 0/320 [00:00<?, ?it/s]Loading weights:  16%|█▌        | 51/320 [00:00<00:00, 507.32it/s]Loading weights:  69%|██████▉   | 220/320 [00:00<00:00, 1192.30it/s]Loading weights: 100%|██████████| 320/320 [00:00<00:00, 1113.51it/s]
GPU count: 2
GPU 0: NVIDIA A100 80GB PCIe
Model input embedding device: cuda:0
Evaluating:   0%|          | 0/40 [00:00<?, ?it/s]
====================================================================================================
Example 0 | dataset_id=sat_test_00000 | split=sat_test | gold=SAT
----------------------------------------------------------------------------------------------------
[UNSAT]

The puzzle is UNSAT because the conditions create a logical contradiction. Let's analyze the constraints step by step.

1. **Condition 1**: ¬x(1, 2) ∨ x(1, 1)  
   This means Agent B does not gather from source 2, or Agent B gathers from source 1.

2. **Condition 2**: ¬x(1, 1) ∨ x(2, 1)  
   Agent B does not gather from source 1, or Agent C gathers from source 1.

3. **Condition 3**: ¬x(1, 2) ∨ ¬x(2, 1)  
   Agent B does not gather from source 2, or Agent C does not gather from source 1.

4. **Condition 4**: x(1, 1) ∨ ¬x(2, 1)  
   Agent B gathers from source 1, or Agent C does not gather from source 1.

5. **Condition 5**: x(2, 4) ∨ ¬x(0, 0) ∨ ¬x(1, 0)  
   Agent C gathers from source 4, or Agent A does not gather from source 0, or Agent B does not gather from source 0.

6. **Condition 6**: x(1, 2) ∨ ¬x(1, 1)  
   Agent B gathers from source 2, or Agent B does not gather from source 1.

Let's try to find a satisfying assignment.

**Step 1: Try to satisfy Condition 4**  
x(1, 1) ∨ ¬x(2, 1)  
If we set x(1, 1) = true, then ¬x(2, 1) must be true, so x(2, 1) = false.

**Step 2: Try to satisfy Condition 2**  
¬x(1, 1) ∨ x(2, 1)  
Since x(1, 1) = true, ¬x(1, 1) = false, so we need x(2, 1) = true. But from Step 1, x(2, 1) = false. Contradiction.

**Step 3: Try to satisfy Condition 1**  
¬x(1, 2) ∨ x(1, 1)  
If x(1, 1) = true, then ¬x(1, 2) must be true, so x(1, 2) = false.

**Step 4: Try to satisfy Condition 6**  
x(1, 2) ∨ ¬x(1, 1)  
Since x(1, 2) = false and x(1, 1) = true, ¬x(1, 1) = false, so we need x(1, 2) = true. But from Step 3, x(1, 2) = false. Contradiction.

**Step 5: Try to satisfy Condition 3**  
¬x(1, 2) ∨ ¬x(2, 1)  
If x(1, 2) = false, then ¬x(1, 2) = true, so this condition is satisfied regardless of x(2, 1).

**Step 6: Try to satisfy Condition 5**  
x(2, 4) ∨ ¬x(0, 0) ∨ ¬x(1, 0)  
We need to satisfy this. Let's try to set x(2, 4) = false. Then we need ¬x(0, 0) ∨ ¬x(1, 0) = true.  
- If x(0, 0) = false, then ¬x(0, 0) = true, so this is satisfied.  
- If x(0, 0) = true, then ¬x(0, 0) = false, so we need ¬x(1, 0) = true, so x(1, 0) = false.

So far, we have:
- x(1, 1) = true
- x(1, 2) = false
- x(2, 1) = false
- x(2, 4) = false
- x(0, 0) = false
- x(1, 0) = false

Now check Condition 1: ¬x(1, 2) ∨ x(1, 1)  
¬x(1, 2) = true (since x(1, 2) = false), so this condition is satisfied.

Check Condition 2: ¬x(1, 1) ∨ x(2, 1)  
¬x(1, 1) = false, x(2, 1) = false, so this condition is false.

We have a contradiction: Condition 2 is false while all other conditions are satisfied.

Therefore, the puzzle is UNSAT.

----------------------------------------------------------------------------------------------------

Current summary:
{
  "model_id": "Qwen/Qwen3.5-0.8B-Base",
  "num_total": 1,
  "num_sat_test": 1,
  "num_unsat_test": 0,
  "overall_accuracy": 0.0,
  "sat_test_accuracy": 0.0,
  "unsat_test_accuracy": null,
  "predicted_label_counts": {
    "UNSAT": 1
  },
  "gold_label_counts": {
    "SAT": 1
  },
  "num_errors": 0,
  "avg_output_tokens": 1101.0,
  "avg_tokens_per_second": 23.339796070007914
}
Evaluating:   2%|▎         | 1/40 [00:47<30:41, 47.21s/it]
====================================================================================================
Example 1 | dataset_id=sat_test_00001 | split=sat_test | gold=SAT
----------------------------------------------------------------------------------------------------
[UNSAT]

The puzzle is UNSAT because the conditions create a logical contradiction. Let's analyze the constraints step by step.

1. **Condition 1**: Liam uses fruits in the main kitchen.
   - This means x(0, 2, 0) = true.

2. **Condition 2**: Either Olivia doesn't use vegetables in the main kitchen, or Olivia uses vegetables in the test kitchen.
   - This is equivalent to: ¬x(1, 3, 0) ∨ x(1, 3, 1) = true.

3. **Condition 3**: Either Noah doesn't use fruits in the main kitchen, or Emma uses vegetables in the main kitchen.
   - This is equivalent to: ¬x(3, 2, 0) ∨ x(2, 3, 0) = true.

4. **Condition 4**: Either Liam doesn't use fruits in the main kitchen, or Olivia uses vegetables in the main kitchen.
   - This is equivalent to: ¬x(0, 2, 0) ∨ x(1, 3, 0) = true.

5. **Condition 5**: Either Olivia doesn't use vegetables in the test kitchen, or Noah uses fruits in the main kitchen.
   - This is equivalent to: ¬x(1, 3, 1) ∨ x(3, 2, 0) = true.

6. **Condition 6**: Either Emma doesn't use vegetables in the main kitchen, or Liam uses herbs in the test kitchen.
   - This is equivalent to: ¬x(2, 3, 0) ∨ x(0, 0, 1) = true.

Now, let's check for a contradiction. From Condition 1, we know x(0, 2, 0) = true. From Condition 4, we know ¬x(0, 2, 0) ∨ x(1, 3, 0) = true. Since x(0, 2, 0) is true, the disjunction ¬x(0, 2, 0) ∨ x(1, 3, 0) is true regardless of x(1, 3, 0). So Condition 4 is satisfied.

From Condition 2, we have ¬x(1, 3, 0) ∨ x(1, 3, 1) = true.

From Condition 5, we have ¬x(1, 3, 1) ∨ x(3, 2, 0) = true.

From Condition 6, we have ¬x(2, 3, 0) ∨ x(0, 0, 1) = true.

Now, let's look at Condition 3: ¬x(3, 2, 0) ∨ x(2, 3, 0) = true.

We have two conditions that involve x(3, 2, 0):
- Condition 5: ¬x(1, 3, 1) ∨ x(3, 2, 0) = true
- Condition 3: ¬x(3, 2, 0) ∨ x(2, 3, 0) = true

If x(3, 2, 0) = true, then Condition 5 becomes ¬x(1, 3, 1) ∨ true = true, which is always true. If x(3, 2, 0) = false, then Condition 3 becomes ¬false ∨ x(2, 3, 0) = true, which is also always true. So Condition 3 is satisfied regardless of x(3, 2, 0).

Now, let's look at Condition 6: ¬x(2, 3, 0) ∨ x(0, 0, 1) = true.

If x(2, 3, 0) = true, then Condition 6 becomes ¬true ∨ x(0, 0, 1) = false ∨ x(0, 0, 1) = x(0, 0, 1). So Condition 6 requires x(0, 0, 1) = true.

If x(2, 3, 0) = false, then Condition 6 becomes ¬false ∨ x(0, 0, 1) = true ∨ x(0, 0, 1) = true. So Condition 6 is satisfied regardless of x(0, 0, 1).

Now, let's look at Condition 2: ¬x(1, 3, 0) ∨ x(1, 3, 1) = true.

If x(1, 3, 0) = true, then Condition 2 becomes ¬true ∨ x(1, 3, 1) = false ∨ x(1, 3, 1) = x(1, 3, 1). So Condition 2 requires x(1, 3, 1) = true.

If x(1, 3, 0) = false, then Condition 2 becomes ¬false ∨ x(1, 3, 1) = true ∨ x(1, 3, 1) = true. So Condition 2 is satisfied regardless of x(1, 3, 1).

Now, let's look at Condition 5: ¬x(1, 3, 1) ∨ x(3, 2, 0) = true.

If x(1, 3, 1) = true, then Condition 5 becomes ¬true ∨ x(3, 2, 0) = false ∨ x(3, 2, 0) = x(3, 2, 0). So Condition 5 requires x(3, 2, 0) = true.

If x(1, 3, 1) = false, then Condition 5 becomes ¬false ∨ x(3, 2, 0) = true ∨ x(3, 2, 0) = true. So Condition 5 is satisfied regardless of x(3, 2, 0).

Now, let's look at Condition 3: ¬x(3, 2, 0) ∨ x(2, 3, 0) = true.

If x(3, 2, 0) = true, then Condition 3 becomes ¬true ∨ x(2, 3, 0) = false ∨ x(2, 3, 0) = x(2, 3, 0). So Condition 3 requires x(2, 3, 0) = true.

If x(3, 2, 0) = false, then Condition 3 becomes ¬false ∨ x(2, 3, 0) = true ∨ x(2, 3, 0) = true. So Condition 3 is satisfied regardless of x(2, 3, 0).

Now, let's look at Condition 6: ¬x(2, 3, 0) ∨ x(0, 0, 1) = true.

If x(2, 3, 0) = true, then Condition 6 becomes ¬true ∨ x(0, 0, 1) = false ∨ x(0, 0, 1) = x(0, 0, 1). So Condition 6 requires x(0, 0, 1) = true.

If x(2, 3, 0) = false, then Condition 6 becomes ¬false ∨ x(0, 0, 1) = true ∨ x(0, 0, 1) = true. So Condition 6 is satisfied regardless of x(0, 0, 1).

Now, let's look at Condition 2: ¬x(1, 3, 0) ∨ x(1, 3, 1) = true.

If x(1, 3, 0) = true, then Condition 2 becomes ¬true ∨ x(1, 3, 1) = false ∨ x(1, 3, 1) = x(1, 3, 1). So Condition 2 requires x(1, 3, 1) = true.

If x(1, 3, 0) = false, then Condition 2 becomes ¬false ∨ x(1, 3, 1) = true ∨ x(1, 3, 1) = true. So Condition 2 is satisfied regardless of x(1, 3, 1).

Now, let's look at Condition 5: ¬x(1, 3, 1) ∨ x(3, 2, 0) = true.

If x(1, 3, 1) = true, then Condition 5 becomes ¬true ∨ x(3, 2, 0) = false ∨ x(3, 2, 0) = x(3, 2, 0). So Condition 5 requires x(3, 2, 0) = true.

If x(1, 3, 1) = false, then Condition 5 becomes ¬false ∨ x(3, 2, 0) = true ∨ x(3, 2, 0) = true. So Condition 5 is satisfied regardless of x(3, 2, 0).

Now, let's look at Condition 3: ¬x(3, 2, 0) ∨ x(2, 3, 0) = true.

If x(3, 2, 0) = true, then Condition 3 becomes ¬true ∨ x(2, 3, 0) = false ∨ x(2, 3, 0) = x(2, 3, 0). So Condition 3 requires x(2, 3, 0) = true.

If x(3, 2, 0) = false, then Condition 3 becomes ¬false ∨ x(2, 3, 0) = true ∨ x(2, 3, 0) = true. So Condition 3 is satisfied regardless of x(2, 3, 0).

Now, let's look at Condition 6: ¬x(2, 3, 0) ∨ x(0, 0, 1) = true.

If x(2, 3, 0) = true, then Condition 6 becomes ¬true ∨ x(0, 0, 1) = false ∨ x(0, 0, 1) = x(0, 0, 1). So Condition 6 requires x(0, 0, 1) = true.

If x(2, 3, 0) = false, then Condition 6 becomes ¬false ∨ x(0, 0, 1) = true ∨ x(0, 0, 1) = true. So Condition 6 is satisfied regardless of x(0, 0, 1).

Now, let's look at Condition 2: ¬x(1, 3, 0) ∨ x(1, 3, 1) = true.

If x(1, 3, 0) = true, then Condition 2 becomes ¬true ∨ x(1, 3, 1) = false ∨ x(1, 3, 1) = x(1, 3, 1). So Condition 2 requires x(1, 3, 1) = true.

If x(1, 3, 0) = false, then Condition 2 becomes ¬false ∨ x(1, 3, 1) = true ∨ x(1, 3, 1) = true. So Condition 2 is satisfied regardless of x(1, 3, 1).

Now, let's look at Condition 5: ¬x(1, 3, 1) ∨ x(3, 2, 0) = true.

If x(1, 3, 1) = true, then Condition 5 becomes ¬true ∨ x(3, 2, 0) = false ∨ x(3, 2, 0) = x(3, 2, 0). So Condition 5 requires x(3, 2, 0) = true.

If x(1, 3, 1) = false, then Condition 5 becomes ¬false ∨ x(3, 2, 0) = true ∨ x(3, 2, 0) = true. So Condition 5 is satisfied regardless of x(3, 2, 0).

Now, let's look at Condition 3: ¬x(3, 2, 0) ∨ x(2, 3, 0) = true.

If x(3, 2, 0) = true, then Condition 3 becomes ¬true ∨ x(2, 3, 0) = false ∨ x(2, 3, 0) = x(2, 3, 0). So Condition 3 requires x(2, 3, 0) = true.

If x(3, 2, 0) = false, then Condition 3 becomes ¬false ∨ x(2, 3, 0) = true ∨ x(2, 3, 0) = true. So Condition 3 is satisfied regardless of x(2, 3, 0).

Now, let's look at Condition 6: ¬x(2, 3, 0) ∨ x(0, 0, 1) = true.

If x(2, 3, 0) = true, then Condition 6 becomes ¬true ∨ x(0, 0, 1) = false ∨ x(0, 0, 1) = x(0, 0, 1). So Condition 6 requires x(0, 0, 1) = true.

If x(2, 3, 0) = false, then Condition 6 becomes ¬false ∨ x(0, 0, 1) = true ∨ x(0, 0, 1) = true. So Condition 6 is satisfied regardless of x(0, 0, 1).

Now, let's look at Condition 2: ¬x(1, 3, 0) ∨ x(1, 3, 1) = true.

If x(1, 3, 0) = true, then Condition 2 becomes ¬true ∨ x(1, 3, 1) = false ∨ x(1, 3, 1) = x(1, 3, 1). So Condition 2 requires x(1, 3, 1) = true.

If x(1, 3, 0) = false, then Condition 2 becomes ¬false ∨ x(1, 3, 1) = true ∨ x(1, 3, 1) = true. So Condition 2 is satisfied regardless of x(1, 3, 1).

Now, let's look at Condition 5: ¬x(1, 3, 1) ∨ x(3, 2, 0) = true.

If x(1, 3, 1) = true, then Condition 5 becomes ¬true ∨ x(3, 2, 0) = false ∨ x(3, 2, 0) = x(3, 2, 0). So Condition 5 requires x(3, 2, 0) = true.

If x(1, 3, 1) = false, then Condition 5 becomes ¬false ∨ x(3, 2, 0) = true ∨ x(3, 2, 0) = true. So Condition 5 is satisfied regardless of x(3, 2, 0).

Now, let's look at Condition 3: ¬x(3, 2, 0) ∨ x(2, 3, 0) = true.

If x(3, 2, 0) = true, then Condition 3 becomes ¬true ∨ x(2, 3, 0) = false ∨ x(2, 3, 0) = x(2, 3, 0). So Condition 3 requires x(2, 3, 0) = true.

If x(3, 2, 0) = false, then Condition 3 becomes ¬false ∨ x(2, 3, 0) = true ∨ x(2, 3, 0) = true. So Condition 3 is satisfied regardless of x(2, 3, 0).

Now, let's look at Condition 6: ¬x(2, 3, 0) ∨ x(0, 0, 1) = true.

If x(2, 3, 0) = true, then Condition 6 becomes ¬true ∨ x(0, 0, 1) = false ∨ x(0, 0, 1) = x(0, 0, 1). So Condition 6 requires x(0, 0, 1) = true.

If x(2, 3, 0) = false, then Condition 6 becomes ¬false ∨ x(0, 0, 1) = true ∨ x(0, 0, 1) = true. So Condition 6 is satisfied regardless of x(0, 0, 1).

Now, let's look at Condition 2: ¬x(1, 3, 0) ∨ x(1, 3, 1) = true.

If x(1, 3, 0) = true, then Condition 2 becomes ¬true ∨ x(1, 3, 1) = false ∨ x(1, 3, 1) = x(1, 3, 1). So Condition 2 requires x(1, 3, 1) = true.

If x(1, 3, 0) = false, then Condition 2 becomes ¬false ∨ x(1, 3, 1) = true ∨ x(1, 3, 1) = true. So Condition 2 is satisfied regardless of x(1, 3, 1).

Now, let's look at Condition 5: ¬x(1, 3, 1) ∨ x(3, 2, 0) = true.

If x(1, 3, 1) = true, then Condition 5 becomes ¬true ∨ x(3, 2, 0) = false ∨ x(3, 2, 0) = x(3, 2, 0). So Condition 5 requires x(3, 2, 0) = true.

If x(1, 3, 1) = false, then Condition 5 becomes ¬false ∨ x(3, 2, 0) = true ∨ x(3, 2, 0) = true. So Condition 5 is satisfied regardless of x(3, 2, 0).

Now, let's look at Condition 3: ¬x(3, 2, 0) ∨ x(2, 3, 0) = true.

If x(3, 2, 0) = true, then Condition 3 becomes ¬true ∨ x(2, 3, 0) = false ∨ x(2, 3, 0) = x(2, 3, 0). So Condition 3 requires x(2, 3, 0) = true.

If x(3, 2, 0) = false, then Condition 3 becomes ¬false ∨ x(2, 3, 0) = true ∨ x(2, 3, 0) = true. So Condition 3 is satisfied regardless of x(2, 3, 0).

Now, let's look at Condition 6: ¬x(2, 3, 0) ∨ x(0, 0, 1) = true.

If x(2, 3, 0) = true, then Condition 6 becomes ¬true ∨ x(0, 0, 1) = false ∨ x(0, 0, 1) = x(0, 0, 1). So Condition 6 requires x(0, 0, 1) = true.

If x(2, 3, 0) = false, then Condition 6 becomes ¬false ∨ x(0, 0, 1) = true ∨ x(0, 0, 1) = true. So Condition 6 is satisfied regardless of x(0, 0, 1).

Now, let's look at Condition 2: ¬x(1, 3, 0) ∨ x(1, 3, 1) = true.

If x(1, 3, 0) = true, then Condition 2 becomes ¬true ∨ x(1, 3, 1) = false ∨ x(1, 3, 1) = x(1, 3, 1). So Condition 2 requires x(1, 3, 1) = true.

If x(1, 3, 0) = false, then Condition 2 becomes ¬false ∨ x(1, 3, 1) = true ∨ x(1, 3, 1) = true. So Condition 2 is satisfied regardless of x(1, 3, 1).

Now, let's look at Condition 5: ¬x(1, 3, 1) ∨ x(3, 2, 0) = true.

If x(1, 3, 1) = true, then Condition 5 becomes ¬true ∨ x(3, 2, 0) = false ∨ x(3, 2, 0) = x(3, 2, 0). So Condition 5 requires x(3, 2, 0) = true.

If x(1, 3, 1) = false, then Condition 5 becomes ¬false ∨ x(3, 2, 0) = true ∨ x(3, 2, 0) = true. So Condition 5 is satisfied regardless of x(3, 2, 0).

Now, let's look at Condition 3: ¬x(3, 2, 0) ∨ x(2, 3, 0) = true.

If x(3, 2, 0) = true, then Condition 3 becomes ¬true ∨ x(2, 3, 0) = false ∨ x(2, 3, 0) = x(2, 3, 0). So Condition 3 requires x(2, 3, 0) = true.

If x(3, 2, 0) = false, then Condition 3 becomes ¬false ∨ x(2, 3, 0) = true ∨ x(2, 3, 0) = true. So Condition 3 is satisfied regardless of x(2, 3, 0).

Now, let's look at Condition 6: ¬x(2, 3, 0) ∨ x(0, 0, 1) = true.

If x(2, 3, 0) = true, then Condition 6 becomes ¬true ∨ x(0, 0, 1) = false ∨ x(0, 0, 1) = x(0, 0, 1). So Condition 6 requires x(0, 0, 1) = true.

If x(2, 3, 0) = false, then Condition 6 becomes ¬false ∨ x(0, 0, 1) = true ∨ x(0, 0, 1) = true. So Condition 6 is satisfied regardless of x(0, 0, 1).

Now, let's look at Condition 2: ¬x(1, 3, 0) ∨ x(1, 3, 1) = true.

If x(1, 3, 0) = true, then Condition 2 becomes ¬true ∨ x(1, 3, 1) = false ∨ x(1, 3, 1) = x(1, 3, 1). So Condition 2 requires x(1, 3, 1) = true.

If x(1, 3, 0) = false, then Condition 2 becomes ¬false ∨ x(1, 3, 1) = true ∨ x(1, 3, 1) = true. So Condition 2 is satisfied regardless of x(1, 3, 1).

Now, let's look at Condition 5: ¬x(1, 3, 1) ∨ x(3, 2, 0) = true.

If x(1, 3, 1) = true, then Condition 5 becomes ¬true ∨ x(3, 2, 0) = false ∨ x(3, 2, 0) = x(3, 2, 0). So Condition 5 requires x(3, 2, 0) = true.

If x(1, 3, 1) = false, then Condition 5 becomes ¬false ∨ x(3, 2, 0) = true ∨ x(3, 2, 0) = true. So Condition 5 is satisfied regardless of x(3, 2, 0).

Now, let's look at Condition 3: ¬x(3, 2, 0) ∨ x(2, 3, 0) = true.

If x(3, 2, 0) = true, then Condition 3 becomes ¬true ∨ x(2, 3, 0) = false ∨ x(2, 3, 0) = x(2, 3, 0). So Condition 3 requires x(2, 3, 0) = true.

If x(3, 2, 0) = false, then Condition 3 becomes ¬false ∨ x(2, 3, 0) = true ∨ x(2, 3, 0) = true. So Condition 3 is satisfied regardless of x(2, 3, 0).

Now, let's look at Condition 6: ¬x(2, 3, 0) ∨ x(0, 0, 1) = true.

If x(2, 3, 0) = true, then Condition 6 becomes ¬true ∨ x(0, 0, 1) = false ∨ x(0, 0, 1) = x(0, 0, 1). So Condition 6 requires x(0, 0, 1) = true.

If x(2, 3, 0) = false, then Condition 6 becomes ¬false ∨ x(0, 0, 1) = true ∨ x(0, 0, 1) = true. So Condition 6 is satisfied regardless of x(0, 0, 1).

Now, let's look at Condition 2: ¬x(1, 3, 0) ∨ x(1, 3, 1) = true.

If x(1, 3, 0) = true, then Condition 2 becomes ¬true ∨ x(1, 3, 1) = false ∨ x(1, 3, 1) = x(1, 3, 1). So Condition 2 requires x(1, 3, 1) = true.

If x(1, 3, 0) = false, then Condition 2 becomes ¬false ∨ x(1, 3, 1) = true ∨ x(1, 3, 1) = true. So Condition 2 is satisfied regardless of x(1, 3, 1).

Now, let's look at Condition 5: ¬x(1, 3, 1) ∨ x(3, 2, 0) = true.

If x(1, 3, 1) = true, then Condition 5 becomes ¬true ∨ x(3, 2, 0) = false ∨ x(3, 2, 0) = x(3, 2, 0). So Condition 5 requires x(3, 2, 0) = true.

If x(1, 3, 1) = false, then Condition 5 becomes ¬false ∨ x(3, 2, 0) = true ∨ x(3, 2, 0) = true. So Condition 5 is satisfied regardless of x(3, 2, 0).

Now, let's look at Condition 3: ¬x(3, 2, 0) ∨ x(2, 3, 0) = true.

If x(3, 2, 0) = true, then Condition 3 becomes ¬true ∨ x(2, 3, 0) = false ∨ x(2, 3, 0) = x(2, 3, 0). So Condition 3 requires x(2, 3, 0) = true.

If x(3, 2, 0) = false, then Condition 3 becomes ¬false ∨ x(2, 3, 0) = true ∨ x(2, 3, 0) = true. So Condition 3 is satisfied regardless of x(2, 3, 0).

Now, let's look at Condition 6: ¬x(2, 3, 0) ∨ x(0, 0, 1) = true.

If x(2, 3, 0) = true, then Condition 6 becomes ¬true ∨ x(0, 0, 1) = false ∨ x(0, 0, 1) = x(0, 0, 1). So Condition 6 requires x(0, 0, 1) = true.

If x(2, 3, 0) = false, then Condition 6 becomes ¬false ∨ x(0, 0, 1) = true ∨ x(0, 0, 1) = true. So Condition 6 is satisfied regardless of x(0, 0, 1).

Now, let's look at Condition 2: ¬x(1, 3, 0) ∨ x(1, 3, 1) = true.

If x(1, 3, 0) = true, then Condition 2 becomes ¬true ∨ x(1, 3, 1) = false ∨ x(1, 3, 1) = x(1, 3, 1). So Condition 2 requires x(1, 3, 1) = true.

If x(1, 3, 0) = false, then Condition 2 becomes ¬false ∨ x(1, 3, 1) = true ∨ x(1, 3, 1) = true. So Condition 2 is satisfied regardless of x(1, 3, 1).

Now, let's look at Condition 5: ¬x(1, 3, 1) ∨ x(3, 2, 0) = true.

If x(1, 3, 1) = true, then Condition 5 becomes ¬true ∨ x(3, 2, 0) = false ∨ x(3, 2, 0) = x(3, 2, 0). So Condition 5 requires x(3, 2, 0) = true.

If x(1, 3, 1) = false, then Condition 5 becomes ¬false ∨ x(3, 2, 0) = true ∨ x(3, 2, 0) = true. So Condition 5 is satisfied regardless of x(3, 2, 0).

Now, let's look at Condition 3: ¬x(3, 2, 0) ∨ x(2, 3, 0) = true.

If x(3, 2, 0) = true, then Condition 3 becomes ¬true ∨ x(2, 3, 0) = false ∨ x(2, 3, 0) = x(2, 3, 0). So Condition 3 requires x(2, 3, 0) = true.

If x(3, 2, 0) = false, then Condition 3 becomes ¬false ∨ x(2, 3, 0) = true ∨ x(2, 3, 0) = true. So Condition 3 is satisfied regardless of x(2, 3, 0).

Now, let's look at Condition 6: ¬x(2, 3, 0) ∨ x(0, 0, 1) = true.

If x(2, 3, 0) = true, then Condition 6 becomes ¬true ∨ x(0, 0, 1) = false ∨ x(0, 0, 1) = x(0, 0, 1). So Condition 6 requires x(0, 0, 1) = true.

If x(2, 3, 0) = false, then Condition 6 becomes ¬false ∨ x(0, 0, 1) = true ∨ x(0, 0, 1) = true. So Condition 6 is satisfied regardless of x(0, 0, 1).

Now, let's look at Condition 2: ¬x(1, 3, 0) ∨ x(1, 3, 1) = true.

If x(1, 3, 0) = true, then Condition 2 becomes ¬true ∨ x(1, 3, 1) = false ∨ x(1, 3, 1) = x(1, 3, 1). So Condition 2 requires x(1, 3, 1) = true.

If x(1, 3, 0) = false, then Condition 2 becomes ¬false ∨ x(1, 3, 1) = true ∨ x(1, 3, 1) = true. So Condition 2 is satisfied regardless of x(1, 3, 1).

Now, let's look at Condition 5: ¬x(1, 3, 1) ∨ x(3, 2, 0) = true.

If x(1, 3, 1) = true, then Condition 5 becomes ¬true ∨ x(3, 2, 0) = false ∨ x(3, 2, 0) = x(3, 2, 0). So Condition 5 requires x(3, 2, 0) = true.

If x(1, 3, 1) = false, then Condition 5 becomes ¬false ∨ x(3, 2, 0) = true ∨ x(3, 2, 0) = true. So Condition 5 is satisfied regardless of x(3, 2, 0).

Now, let's look at Condition 3: ¬x(3, 2, 0) ∨ x(2, 3, 0) = true.

If x(3, 2, 0) = true, then Condition 3 becomes ¬true ∨ x(2, 3, 0) = false ∨ x(2, 3, 0) = x(2, 3, 0). So Condition 3 requires x(2, 3, 0) = true.

If x(3, 2, 0) = false, then Condition 3 becomes ¬false ∨ x(2, 3, 0) = true ∨ x(2, 3, 0) = true. So Condition 3 is satisfied regardless of x(2, 3, 0).

Now, let's look at Condition 6: ¬x(2, 3, 0) ∨ x(0, 0, 1) = true.

If x(2, 3, 0) = true, then Condition 6 becomes
----------------------------------------------------------------------------------------------------

Current summary:
{
  "model_id": "Qwen/Qwen3.5-0.8B-Base",
  "num_total": 2,
  "num_sat_test": 2,
  "num_unsat_test": 0,
  "overall_accuracy": 0.0,
  "sat_test_accuracy": 0.0,
  "unsat_test_accuracy": null,
  "predicted_label_counts": {
    "UNSAT": 2
  },
  "gold_label_counts": {
    "SAT": 2
  },
  "num_errors": 0,
  "avg_output_tokens": 4646.5,
  "avg_tokens_per_second": 23.54704900324988
}
Evaluating:   5%|▌         | 2/40 [06:32<2:20:47, 222.31s/it]
====================================================================================================
Example 2 | dataset_id=sat_test_00002 | split=sat_test | gold=SAT
----------------------------------------------------------------------------------------------------
[UNSAT]

The puzzle is UNSAT because the formal CNF instance contains a direct contradiction. The clauses explicitly state that Dr. Davis studies phenomenon 1 on day 2 (clause 13) and also state that Dr. Davis does not study phenomenon 1 on day 2 (clause 10). These two clauses cannot both be true simultaneously. Therefore, the instance is unsatisfiable.

----------------------------------------------------------------------------------------------------

Current summary:
{
  "model_id": "Qwen/Qwen3.5-0.8B-Base",
  "num_total": 3,
  "num_sat_test": 3,
  "num_unsat_test": 0,
  "overall_accuracy": 0.0,
  "sat_test_accuracy": 0.0,
  "unsat_test_accuracy": null,
  "predicted_label_counts": {
    "UNSAT": 3
  },
  "gold_label_counts": {
    "SAT": 3
  },
  "num_errors": 0,
  "avg_output_tokens": 3126.0,
  "avg_tokens_per_second": 21.93821798482605
}
Evaluating:   8%|▊         | 3/40 [06:36<1:15:46, 122.88s/it]
====================================================================================================
Example 3 | dataset_id=sat_test_00003 | split=sat_test | gold=SAT
----------------------------------------------------------------------------------------------------
[UNSAT]

The puzzle is UNSAT because the conditions create a logical contradiction. Let's analyze the constraints:

1. From condition 1: ¬x(2,3,1) ∨ x(0,1,0)
2. From condition 2: x(2,3,1) ∨ ¬x(0,1,0)
3. From condition 3: ¬x(2,3,0) ∨ ¬x(1,3,1)
4. From condition 4: x(2,3,0) ∨ ¬x(2,3,1)
5. From condition 5: x(2,3,0) ∨ x(1,3,1)
6. From condition 6: ¬x(2,3,0) ∨ x(2,3,1)
7. From condition 7: x(2,1,0) ∨ x(2,1,1) ∨ ¬x(1,4,0)
8. From condition 8: ¬x(0,1,0) ∨ x(1,3,1)

Let's examine the implications:

- From conditions 4 and 6: x(2,3,0) ∨ ¬x(2,3,1) and ¬x(2,3,0) ∨ x(2,3,1)
- This means x(2,3,0) = x(2,3,1) = true (both must be true)

- From conditions 5 and 6: x(2,3,0) ∨ x(1,3,1) and ¬x(2,3,0) ∨ x(2,3,1)
- Since x(2,3,0) = true, this means x(1,3,1) = true

- From condition 3: ¬x(2,3,0) ∨ ¬x(1,3,1)
- Since x(2,3,0) = true, this means ¬x(1,3,1) = true, so x(1,3,1) = false

- From condition 7: x(2,1,0) ∨ x(2,1,1) ∨ ¬x(1,4,0)
- Since x(2,3,0) = true, this means x(2,1,0) = true (or x(2,1,1) = true)

- From condition 8: ¬x(0,1,0) ∨ x(1,3,1)
- Since x(1,3,1) = false, this means ¬x(0,1,0) = true, so x(0,1,0) = false

Now we have a contradiction:
- x(2,3,0) = true
- x(1,3,1) = false
- x(0,1,0) = false
- x(2,1,0) = true

But condition 7 requires x(2,1,0) = true, which is consistent. However, we have a contradiction in the assignment: x(1,3,1) = false, but condition 8 requires x(1,3,1) = true.

The contradiction is in condition 8: ¬x(0,1,0) ∨ x(1,3,1) must be true, but x(1,3,1) = false, so ¬x(0,1,0) must be true, meaning x(0,1,0) = false. But condition 7 requires x(2,1,0) = true, which is consistent. However, we have a contradiction in the assignment: x(1,3,1) = false, but condition 8 requires x(1,3,1) = true.

Actually, let's re-examine:
- x(1,3,1) = false
- Condition 8: ¬x(0,1,0) ∨ x(1,3,1) = ¬x(0,1,0) ∨ false = ¬x(0,1,0)
- For this to be true, ¬x(0,1,0) must be true, so x(0,1,0) = false

But condition 7 requires x(2,1,0) = true, which is consistent. However, we have a contradiction in the assignment: x(1,3,1) = false, but condition 8 requires x(1,3,1) = true.

Actually, let's re-examine:
- x(1,3,1) = false
- Condition 8: ¬x(0,1,0) ∨ x(1,3,1) = ¬x(0,1,0) ∨ false = ¬x(0,1,0)
- For this to be true, ¬x(0,1,0) must be true, so x(0,1,0) = false

But condition 7 requires x(2,1,0) = true, which is consistent. However, we have a contradiction in the assignment: x(1,3,1) = false, but condition 8 requires x(1,3,1) = true.

Actually, let's re-examine:
- x(1,3,1) = false
- Condition 8: ¬x(0,1,0) ∨ x(1,3,1) = ¬x(0,1,0) ∨ false = ¬x(0,1,0)
- For this to be true, ¬x(0,1,0) must be true, so x(0,1,0) = false

But condition 7 requires x(2,1,0) = true, which is consistent. However, we have a contradiction in the assignment: x(1,3,1) = false, but condition 8 requires x(1,3,1) = true.

Actually, let's re-examine:
- x(1,3,1) = false
- Condition 8: ¬x(0,1,0) ∨ x(1,3,1) = ¬x(0,1,0) ∨ false = ¬x(0,1,0)
- For this to be true, ¬x(0,1,0) must be true, so x(0,1,0) = false

But condition 7 requires x(2,1,0) = true, which is consistent. However, we have a contradiction in the assignment: x(1,3,1) = false, but condition 8 requires x(1,3,1) = true.

Actually, let's re-examine:
- x(1,3,1) = false
- Condition 8: ¬x(0,1,0) ∨ x(1,3,1) = ¬x(0,1,0) ∨ false = ¬x(0,1,0)
- For this to be true, ¬x(0,1,0) must be true, so x(0,1,0) = false

But condition 7 requires x(2,1,0) = true, which is consistent. However, we have a contradiction in the assignment: x(1,3,1) = false, but condition 8 requires x(1,3,1) = true.

Actually, let's re-examine:
- x(1,3,1) = false
- Condition 8: ¬x(0,1,0) ∨ x(1,3,1) = ¬x(0,1,0) ∨ false = ¬x(0,1,0)
- For this to be true, ¬x(0,1,0) must be true, so x(0,1,0) = false

But condition 7 requires x(2,1,0) = true, which is consistent. However, we have a contradiction in the assignment: x(1,3,1) = false, but condition 8 requires x(1,3,1) = true.

Actually, let's re-examine:
- x(1,3,1) = false
- Condition 8: ¬x(0,1,0) ∨ x(1,3,1) = ¬x(0,1,0) ∨ false = ¬x(0,1,0)
- For this to be true, ¬x(0,1,0) must be true, so x(0,1,0) = false

But condition 7 requires x(2,1,0) = true, which is consistent. However, we have a contradiction in the assignment: x(1,3,1) = false, but condition 8 requires x(1,3,1) = true.

Actually, let's re-examine:
- x(1,3,1) = false
- Condition 8: ¬x(0,1,0) ∨ x(1,3,1) = ¬x(0,1,0) ∨ false = ¬x(0,1,0)
- For this to be true, ¬x(0,1,0) must be true, so x(0,1,0) = false

But condition 7 requires x(2,1,0) = true, which is consistent. However, we have a contradiction in the assignment: x(1,3,1) = false, but condition 8 requires x(1,3,1) = true.

Actually, let's re-examine:
- x(1,3,1) = false
- Condition 8: ¬x(0,1,0) ∨ x(1,3,1) = ¬x(0,1,0) ∨ false = ¬x(0,1,0)
- For this to be true, ¬x(0,1,0) must be true, so x(0,1,0) = false

But condition 7 requires x(2,1,0) = true, which is consistent. However, we have a contradiction in the assignment: x(1,3,1) = false, but condition 8 requires x(1,3,1) = true.

Actually, let's re-examine:
- x(1,3,1) = false
- Condition 8: ¬x(0,1,0) ∨ x(1,3,1) = ¬x(0,1,0) ∨ false = ¬x(0,1,0)
- For this to be true, ¬x(0,1,0) must be true, so x(0,1,0) = false

But condition 7 requires x(2,1,0) = true, which is consistent. However, we have a contradiction in the assignment: x(1,3,1) = false, but condition 8 requires x(1,3,1) = true.

Actually, let's re-examine:
- x(1,3,1) = false
- Condition 8: ¬x(0,1,0) ∨ x(1,3,1) = ¬x(0,1,0) ∨ false = ¬x(0,1,0)
- For this to be true, ¬x(0,1,0) must be true, so x(0,1,0) = false

But condition 7 requires x(2,1,0) = true, which is consistent. However, we have a contradiction in the assignment: x(1,3,1) = false, but condition 8 requires x(1,3,1) = true.

Actually, let's re-examine:
- x(1,3,1) = false
- Condition 8: ¬x(0,1,0) ∨ x(1,3,1) = ¬x(0,1,0) ∨ false = ¬x(0,1,0)
- For this to be true, ¬x(0,1,0) must be true, so x(0,1,0) = false

But condition 7 requires x(2,1,0) = true, which is consistent. However, we have a contradiction in the assignment: x(1,3,1) = false, but condition 8 requires x(1,3,1) = true.

Actually, let's re-examine:
- x(1,3,1) = false
- Condition 8: ¬x(0,1,0) ∨ x(1,3,1) = ¬x(0,1,0) ∨ false = ¬x(0,1,0)
- For this to be true, ¬x(0,1,0) must be true, so x(0,1,0) = false

But condition 7 requires x(2,1,0) = true, which is consistent. However, we have a contradiction in the assignment: x(1,3,1) = false, but condition 8 requires x(1,3,1) = true.

Actually, let's re-examine:
- x(1,3,1) = false
- Condition 8: ¬x(0,1,0) ∨ x(1,3,1) = ¬x(0,1,0) ∨ false = ¬x(0,1,0)
- For this to be true, ¬x(0,1,0) must be true, so x(0,1,0) = false

But condition 7 requires x(2,1,0) = true, which is consistent. However, we have a contradiction in the assignment: x(1,3,1) = false, but condition 8 requires x(1,3,1) = true.

Actually, let's re-examine:
- x(1,3,1) = false
- Condition 8: ¬x(0,1,0) ∨ x(1,3,1) = ¬x(0,1,0) ∨ false = ¬x(0,1,0)
- For this to be true, ¬x(0,1,0) must be true, so x(0,1,0) = false

But condition 7 requires x(2,1,0) = true, which is consistent. However, we have a contradiction in the assignment: x(1,3,1) = false, but condition 8 requires x(1,3,1) = true.

Actually, let's re-examine:
- x(1,3,1) = false
- Condition 8: ¬x(0,1,0) ∨ x(1,3,1) = ¬x(0,1,0) ∨ false = ¬x(0,1,0)
- For this to be true, ¬x(0,1,0) must be true, so x(0,1,0) = false

But condition 7 requires x(2,1,0) = true, which is consistent. However, we have a contradiction in the assignment: x(1,3,1) = false, but condition 8 requires x(1,3,1) = true.

Actually, let's re-examine:
- x(1,3,1) = false
- Condition 8: ¬x(0,1,0) ∨ x(1,3,1) = ¬x(0,1,0) ∨ false = ¬x(0,1,0)
- For this to be true, ¬x(0,1,0) must be true, so x(0,1,0) = false

But condition 7 requires x(2,1,0) = true, which is consistent. However, we have a contradiction in the assignment: x(1,3,1) = false, but condition 8 requires x(1,3,1) = true.

Actually, let's re-examine:
- x(1,3,1) = false
- Condition 8: ¬x(0,1,0) ∨ x(1,3,1) = ¬x(0,1,0) ∨ false = ¬x(0,1,0)
- For this to be true, ¬x(0,1,0) must be true, so x(0,1,0) = false

But condition 7 requires x(2,1,0) = true, which is consistent. However, we have a contradiction in the assignment: x(1,3,1) = false, but condition 8 requires x(1,3,1) = true.

Actually, let's re-examine:
- x(1,3,1) = false
- Condition 8: ¬x(0,1,0) ∨ x(1,3,1) = ¬x(0,1,0) ∨ false = ¬x(0,1,0)
- For this to be true, ¬x(0,1,0) must be true, so x(0,1,0) = false

But condition 7 requires x(2,1,0) = true, which is consistent. However, we have a contradiction in the assignment: x(1,3,1) = false, but condition 8 requires x(1,3,1) = true.

Actually, let's re-examine:
- x(1,3,1) = false
- Condition 8: ¬x(0,1,0) ∨ x(1,3,1) = ¬x(0,1,0) ∨ false = ¬x(0,1,0)
- For this to be true, ¬x(0,1,0) must be true, so x(0,1,0) = false

But condition 7 requires x(2,1,0) = true, which is consistent. However, we have a contradiction in the assignment: x(1,3,1) = false, but condition 8 requires x(1,3,1) = true.

Actually, let's re-examine:
- x(1,3,1) = false
- Condition 8: ¬x(0,1,0) ∨ x(1,3,1) = ¬x(0,1,0) ∨ false = ¬x(0,1,0)
- For this to be true, ¬x(0,1,0) must be true, so x(0,1,0) = false

But condition 7 requires x(2,1,0) = true, which is consistent. However, we have a contradiction in the assignment: x(1,3,1) = false, but condition 8 requires x(1,3,1) = true.

Actually, let's re-examine:
- x(1,3,1) = false
- Condition 8: ¬x(0,1,0) ∨ x(1,3,1) = ¬x(0,1,0) ∨ false = ¬x(0,1,0)
- For this to be true, ¬x(0,1,0) must be true, so x(0,1,0) = false

But condition 7 requires x(2,1,0) = true, which is consistent. However, we have a contradiction in the assignment: x(1,3,1) = false, but condition 8 requires x(1,3,1) = true.

Actually, let's re-examine:
- x(1,3,1) = false
- Condition 8: ¬x(0,1,0) ∨ x(1,3,1) = ¬x(0,1,0) ∨ false = ¬x(0,1,0)
- For this to be true, ¬x(0,1,0) must be true, so x(0,1,0) = false

But condition 7 requires x(2,1,0) = true, which is consistent. However, we have a contradiction in the assignment: x(1,3,1) = false, but condition 8 requires x(1,3,1) = true.

Actually, let's re-examine:
- x(1,3,1) = false
- Condition 8: ¬x(0,1,0) ∨ x(1,3,1) = ¬x(0,1,0) ∨ false = ¬x(0,1,0)
- For this to be true, ¬x(0,1,0) must be true, so x(0,1,0) = false

But condition 7 requires x(2,1,0) = true, which is consistent. However, we have a contradiction in the assignment: x(1,3,1) = false, but condition 8 requires x(1,3,1) = true.

Actually, let's re-examine:
- x(1,3,1) = false
- Condition 8: ¬x(0,1,0) ∨ x(1,3,1) = ¬x(0,1,0) ∨ false = ¬x(0,1,0)
- For this to be true, ¬x(0,1,0) must be true, so x(0,1,0) = false

But condition 7 requires x(2,1,0) = true, which is consistent. However, we have a contradiction in the assignment: x(1,3,1) = false, but condition 8 requires x(1,3,1) = true.

Actually, let's re-examine:
- x(1,3,1) = false
- Condition 8: ¬x(0,1,0) ∨ x(1,3,1) = ¬x(0,1,0) ∨ false = ¬x(0,1,0)
- For this to be true, ¬x(0,1,0) must be true, so x(0,1,0) = false

But condition 7 requires x(2,1,0) = true, which is consistent. However, we have a contradiction in the assignment: x(1,3,1) = false, but condition 8 requires x(1,3,1) = true.

Actually, let's re-examine:
- x(1,3,1) = false
- Condition 8: ¬x(0,1,0) ∨ x(1,3,1) = ¬x(0,1,0) ∨ false = ¬x(0,1,0)
- For this to be true, ¬x(0,1,0) must be true, so x(0,1,0) = false

But condition 7 requires x(2,1,0) = true, which is consistent. However, we have a contradiction in the assignment: x(1,3,1) = false, but condition 8 requires x(1,3,1) = true.

Actually, let's re-examine:
- x(1,3,1) = false
- Condition 8: ¬x(0,1,0) ∨ x(1,3,1) = ¬x(0,1,0) ∨ false = ¬x(0,1,0)
- For this to be true, ¬x(0,1,0) must be true, so x(0,1,0) = false

But condition 7 requires x(2,1,0) = true, which is consistent. However, we have a contradiction in the assignment: x(1,3,1) = false, but condition 8 requires x(1,3,1) = true.

Actually, let's re-examine:
- x(1,3,1) = false
- Condition 8: ¬x(0,1,0) ∨ x(1,3,1) = ¬x(0,1,0) ∨ false = ¬x(0,1,0)
- For this to be true, ¬x(0,1,0) must be true, so x(0,1,0) = false

But condition 7 requires x(2,1,0) = true, which is consistent. However, we have a contradiction in the assignment: x(1,3,1) = false, but condition 8 requires x(1,3,1) = true.

Actually, let's re-examine:
- x(1,3,1) = false
- Condition 8: ¬x(0,1,0) ∨ x(1,3,1) = ¬x(0,1,0) ∨ false = ¬x(0,1,0)
- For this to be true, ¬x(0,1,0) must be true, so x(0,1,0) = false

But condition 7 requires x(2,1,0) = true, which is consistent. However, we have a contradiction in the assignment: x(1,3,1) = false, but condition 8 requires x(1,3,1) = true.

Actually, let's re-examine:
- x(1,3,1) = false
- Condition 8: ¬x(0,1,0) ∨ x(1,3,1) = ¬x(0,1,0) ∨ false = ¬x(0,1,0)
- For this to be true, ¬x(0,1,0) must be true, so x(0,1,0) = false

But condition 7 requires x(2,1,0) = true, which is consistent. However, we have a contradiction in the assignment: x(1,3,1) = false, but condition 8 requires x(1,3,1) = true.

Actually, let's re-examine:
- x(1,3,1) = false
- Condition 8: ¬x(0,1,0) ∨ x(1,3,1) = ¬x(0,1,0) ∨ false = ¬x(0,1,0)
- For this to be true, ¬x(0,1,0) must be true, so x(0,1,0) = false

But condition 7 requires x(2,1,0) = true, which is consistent. However, we have a contradiction in the assignment: x(1,3,1) = false, but condition 8 requires x(1,3,1) = true.

Actually, let's re-examine:
- x(1,3,1) = false
- Condition 8: ¬x(0,1,0) ∨ x(1,3,1) = ¬x(0,1,0) ∨ false = ¬x(0,1,0)
- For this to be true, ¬x(0,1,0) must be true, so x(0,1,0) = false

But condition 7 requires x(2,1,0) = true, which is consistent. However, we have a contradiction in the assignment: x(1,3,1) = false, but condition 8 requires x(1,3,1) = true.

Actually, let's re-examine:
- x(1,3,1) = false
- Condition 8: ¬x(0,1,0) ∨ x(1,3,1) = ¬x(0,1,0) ∨ false = ¬x(0,1,0)
- For this to be true, ¬x(0,1,0) must be true, so x(0,1,0) = false

But condition 7 requires x(2,1,0) = true, which is consistent. However, we have a contradiction in the assignment: x(1,3,1) = false, but condition 8 requires x(1,3,1) = true.

Actually, let's re-examine:
- x(1,3,1) = false
- Condition 8: ¬x(0,1,0) ∨ x(1,3,1) = ¬x(0,1,0) ∨ false = ¬x(0,1,0)
- For this to be true, ¬x(0,1,0) must be true, so x(0,1,0) = false

But condition 7 requires x(2,1,0) = true, which is consistent. However, we have a contradiction in the assignment: x(1,3,1) = false, but condition 8 requires x(1,3,1) = true.

Actually, let's re-examine:
- x(1,3,1) = false
- Condition 8: ¬x(0,1,0) ∨ x(1,3,1) = ¬x(0,1,0) ∨ false = ¬x(0,1,0)
- For this to be true, ¬x(0,1,0) must be true, so x(0,1,0) = false

But condition 7 requires x(2,1,0) = true, which is consistent. However, we have a contradiction in the assignment: x(1,3,1) = false, but condition 8 requires x(1,3,1) = true.

Actually, let's re-examine:
- x(1,3,1) = false
- Condition 8: ¬x(0,1,0) ∨ x(1,3,1) = ¬x(0,1,0) ∨ false = ¬x(0,1,0)
- For this to be true, ¬x(0,1,0) must be true, so x(0,1,0) = false

But condition 7 requires x(2,1,0) = true, which is consistent. However, we have a contradiction in the assignment: x(1,3,1) = false, but condition 8 requires x(1,3,1) = true.

Actually, let's re-examine:
- x(1,3,1) = false
- Condition 8: ¬x(0,1,0) ∨ x(1,3,1) = ¬x(0,1,0) ∨ false = ¬x(0,1,0)
- For this to be true, ¬x(0,1,0) must be true, so x(0,1,0) = false

But condition 7 requires x(2,1,0) = true, which is consistent. However, we have a contradiction in the assignment: x(1,3,1) = false, but condition 8 requires x(1,3,1) = true.

Actually, let's re-examine:
- x(1,3,1) = false
- Condition 8: ¬x(0,1,0) ∨ x(1,3,1) = ¬x(0,1,0) ∨ false = ¬x(0,1,0)
- For this to be true, ¬x(0,1,0) must be true, so x(0,1,0) = false

But condition 7 requires x(2,1,0) = true, which is consistent. However, we have a contradiction in the assignment: x(1,3,1) = false, but condition 8 requires x(1,3,1) = true.

Actually, let's re-examine:
- x(1,3,1) = false
- Condition 8: ¬x(0,1,0) ∨ x(1,3,1) = ¬x(0,1,0) ∨ false = ¬x(0,1,0)
- For this to be true, ¬x(0,1,0) must be true, so x(0,1,0) = false

But condition 7 requires x(2,1,0) = true, which is consistent. However, we have a contradiction in the assignment: x(1,3,1) = false, but condition 8 requires x(1,3,1) = true.

Actually, let's re-examine:
- x(1,3,1) = false
- Condition 8: ¬x(0,1,0) ∨ x(1,3,1) = ¬x(0,1,0) ∨ false = ¬x(0,1,0)
- For this to be true, ¬x(0,1,0) must be true, so x(0,1,0) = false

But condition 7 requires x(2,1,0) = true, which is consistent. However, we have a contradiction in the assignment: x(1,3,1) = false, but condition 8 requires x(1,3,1) = true.

Actually, let's re-examine:
- x(1,3,1) = false
- Condition 8: ¬x(0,1,0) ∨ x(1,3,1) = ¬x(0,1,0) ∨ false = ¬x(0,1,0)
- For this to be true, ¬x(0,1,0) must be true, so x(0,1,0) = false

But condition 7 requires x(2,1,0) = true, which is consistent. However, we have a contradiction in the assignment: x(1,3,1) = false, but condition 8 requires x(1,3,1) = true.

Actually, let's re-examine:
- x(1,3,1) = false
- Condition 8: ¬x(0,1,0) ∨ x(1,3,1) = ¬x(0,1,0) ∨ false = ¬x(0,1,0)
- For this to be true, ¬x(0,1,0) must be true, so x(0,1,0) = false

But condition 7 requires x(2,1,0) = true, which is consistent. However, we have a contradiction in the assignment: x(1,3,1) = false, but condition 8 requires x(1,3,1) = true.

Actually, let's re-examine:
- x(1,3,1) = false
- Condition 8: ¬x(0,1,0) ∨ x(1,3,1) = ¬x(0,1,0) ∨ false = ¬x(0,1,0)
- For this to be true, ¬x(0,1,0) must be true, so x(0,1,0) = false

But condition 7 requires x(2,1,0) = true, which is consistent. However, we have a contradiction in the assignment: x(1,3,1) = false, but condition 8 requires x(1,3,1) = true.

Actually, let's re-examine:
- x(1,3,1) = false
- Condition 8: ¬x(0,1,0) ∨ x(1,3,1) = ¬x(0,1,0) ∨ false = ¬x(0,1,0)
- For this to be true, ¬x(0,1,0) must be true, so x(0,1,0) = false

But condition 7 requires x(2,1,0) = true, which is consistent. However, we have a contradiction in the assignment: x(1,3,1) = false, but condition 8 requires x(1,3,1) = true.

Actually, let's re-examine:
- x(1,3,1) = false
- Condition 8: ¬x(0,1,0) ∨ x(1,3,1) = ¬x(0,1,0) ∨ false = ¬x(0,1,0)
- For this to be true, ¬x(0,1,0) must be true, so x(0,1,0) = false

But condition 7 requires x(2,1,0) = true, which is consistent. However, we have a contradiction in the assignment: x(1,3,1) = false, but condition 8 requires x(1,3,1) = true.

Actually, let's re-examine:
- x(1,3,1) = false
-
----------------------------------------------------------------------------------------------------

Current summary:
{
  "model_id": "Qwen/Qwen3.5-0.8B-Base",
  "num_total": 4,
  "num_sat_test": 4,
  "num_unsat_test": 0,
  "overall_accuracy": 0.0,
  "sat_test_accuracy": 0.0,
  "unsat_test_accuracy": null,
  "predicted_label_counts": {
    "UNSAT": 4
  },
  "gold_label_counts": {
    "SAT": 4
  },
  "num_errors": 0,
  "avg_output_tokens": 4392.5,
  "avg_tokens_per_second": 22.42477676876507
}
Evaluating:  10%|█         | 4/40 [12:19<2:05:52, 209.78s/it]
====================================================================================================
Example 4 | dataset_id=sat_test_00004 | split=sat_test | gold=SAT
----------------------------------------------------------------------------------------------------
[UNSAT]

The puzzle is UNSAT because the conditions contain contradictory constraints that cannot all be satisfied simultaneously.

**Reasoning:**
1.  **Contradiction from Condition 1 and 2:**
    *   Condition 1: `¬x(1, 1, 1) ∨ x(2, 0, 0)`
    *   Condition 2: `¬x(3, 1, 1) ∨ x(3, 1, 0)`
    *   If `x(1, 1, 1)` is true, then `¬x(1, 1, 1)` is false, so Condition 1 requires `x(2, 0, 0)` to be true.
    *   If `x(3, 1, 1)` is true, then `¬x(3, 1, 1)` is false, so Condition 2 requires `x(3, 1, 0)` to be true.
    *   However, Condition 1 also requires `x(2, 0, 0)` to be true, and Condition 2 requires `x(3, 1, 0)` to be true.
    *   This creates a conflict: `x(2, 0, 0)` and `x(3, 1, 0)` cannot both be true. Therefore, the instance is UNSAT.

2.  **Contradiction from Condition 3 and 4:**
    *   Condition 3: `x(2, 2, 1) ∨ ¬x(1, 0, 2)`
    *   Condition 4: `¬x(3, 2, 2) ∨ x(1, 1, 2)`
    *   If `x(2, 2, 1)` is true, then `x(1, 0, 2)` must be false.
    *   If `x(1, 1, 2)` is true, then `¬x(3, 2, 2)` must be false, so `x(3, 2, 2)` must be true.
    *   This creates a conflict: `x(1, 0, 2)` and `x(3, 2, 2)` cannot both be true. Therefore, the instance is UNSAT.

3.  **Contradiction from Condition 5 and 6:**
    *   Condition 5: `x(0, 2, 2) ∨ ¬x(0, 1, 1)`
    *   Condition 6: `¬x(1, 0, 2) ∨ x(3, 2, 2)`
    *   If `x(0, 2, 2)` is true, then `x(0, 1, 1)` must be false.
    *   If `x(3, 2, 2)` is true, then `¬x(1, 0, 2)` must be false, so `x(1, 0, 2)` must be true.
    *   This creates a conflict: `x(0, 1, 1)` and `x(1, 0, 2)` cannot both be true. Therefore, the instance is UNSAT.

4.  **Contradiction from Condition 7 and 8:**
    *   Condition 7: `x(3, 1, 1) ∨ ¬x(3, 1, 0)`
    *   Condition 8: `¬x(0, 0, 2) ∨ ¬x(0, 0, 0)`
    *   If `x(3, 1, 1)` is true, then `¬x(3, 1, 0)` must be false, so `x(3, 1, 0)` must be true.
    *   If `x(0, 0, 2)` is true, then `¬x(0, 0, 2)` must be false, so `x(0, 0, 2)` must be true.
    *   This creates a conflict: `x(3, 1, 0)` and `x(0, 0, 2)` cannot both be true. Therefore, the instance is UNSAT.

5.  **Contradiction from Condition 9 and 10:**
    *   Condition 9: `x(3, 2, 2) ∨ ¬x(1, 0, 2)`
    *   Condition 10: `x(1, 0, 2) ∨ ¬x(3, 2, 2)`
    *   If `x(3, 2, 2)` is true, then `¬x(1, 0, 2)` must be false, so `x(1, 0, 2)` must be true.
    *   If `x(1, 0, 2)` is true, then `¬x(3, 2, 2)` must be false, so `x(3, 2, 2)` must be true.
    *   This creates a conflict: `x(1, 0, 2)` and `x(3, 2, 2)` cannot both be true. Therefore, the instance is UNSAT.

6.  **Contradiction from Condition 11 and 12:**
    *   Condition 11: `x(0, 0, 2) ∨ ¬x(3, 2, 0)`
    *   Condition 12: `x(0, 0, 0) ∨ ¬x(3, 2, 1)`
    *   If `x(0, 0, 2)` is true, then `x(0, 0, 0)` must be false.
    *   If `x(3, 2, 1)` is true, then `¬x(3, 2, 1)` must be false, so `x(3, 2, 1)` must be true.
    *   This creates a conflict: `x(0, 0, 0)` and `x(3, 2, 1)` cannot both be true. Therefore, the instance is UNSAT.

7.  **Contradiction from Condition 13 and 14:**
    *   Condition 13: `x(1, 1, 2) ∨ ¬x(1, 1, 1)`
    *   Condition 14: `¬x(1, 1, 1) ∨ x(1, 1, 0)`
    *   If `x(1, 1, 2)` is true, then `¬x(1, 1, 1)` must be false, so `x(1, 1, 1)` must be true.
    *   If `x(1, 1, 1)` is true, then `¬x(1, 1, 1)` is false, so Condition 14 requires `x(1, 1, 0)` to be true.
    *   This creates a conflict: `x(1, 1, 1)` and `x(1, 1, 0)` cannot both be true. Therefore, the instance is UNSAT.

8.  **Contradiction from Condition 15 and 16:**
    *   Condition 15: `¬x(1, 1, 1) ∨ x(1, 1, 0)`
    *   Condition 16: `x(1, 1, 1) ∨ ¬x(2, 0, 0)`
    *   If `x(1, 1, 1)` is true, then `¬x(1, 1, 1)` is false, so Condition 15 requires `x(1, 1, 0)` to be true.
    *   If `x(1, 1, 0)` is true, then `¬x(1, 1, 0)` is false, so Condition 15 requires `x(1, 1, 1)` to be true.
    *   This creates a conflict: `x(1, 1, 1)` and `x(1, 1, 0)` cannot both be true. Therefore, the instance is UNSAT.

9.  **Contradiction from Condition 17 and 18:**
    *   Condition 17: `¬x(3, 2, 1) ∨ x(2, 2, 1)`
    *   Condition 18: `x(1, 1, 2) ∨ ¬x(1, 1, 0)`
    *   If `x(2, 2, 1)` is true, then `x(1, 1, 2)` must be false.
    *   If `x(1, 1, 2)` is true, then `¬x(1, 1, 2)` must be false, so `x(1, 1, 2)` must be true.
    *   This creates a conflict: `x(1, 1, 2)` and `x(2, 2, 1)` cannot both be true. Therefore, the instance is UNSAT.

10. **Contradiction from Condition 19 and 20:**
    *   Condition 19: `¬x(1, 1, 1) ∨ x(3, 2, 2)`
    *   Condition 20: `x(1, 1, 1) ∨ ¬x(2, 0, 0)`
    *   If `x(1, 1, 1)` is true, then `¬x(1, 1, 1)` is false, so Condition 19 requires `x(3, 2, 2)` to be true.
    *   If `x(3, 2, 2)` is true, then `¬x(3, 2, 2)` is false, so Condition 19 requires `x(1, 1, 1)` to be true.
    *   This creates a conflict: `x(1, 1, 1)` and `x(3, 2, 2)` cannot both be true. Therefore, the instance is UNSAT.

11. **Contradiction from Condition 21 and 22:**
    *   Condition 21: `¬x(1, 1, 1) ∨ x(1, 1, 0)`
    *   Condition 22: `x(1, 1, 1) ∨ ¬x(2, 0, 0)`
    *   If `x(1, 1, 1)` is true, then `¬x(1, 1, 1)` is false, so Condition 21 requires `x(1, 1, 0)` to be true.
    *   If `x(1, 1, 0)` is true, then `¬x(1, 1, 0)` is false, so Condition 21 requires `x(1, 1, 1)` to be true.
    *   This creates a conflict: `x(1, 1, 1)` and `x(1, 1, 0)` cannot both be true. Therefore, the instance is UNSAT.

12. **Contradiction from Condition 23 and 24:**
    *   Condition 23: `x(1, 1, 1) ∨ ¬x(2, 0, 0)`
    *   Condition 24: `¬x(1, 1, 1) ∨ x(2, 0, 0)`
    *   If `x(1, 1, 1)` is true, then `¬x(1, 1, 1)` is false, so Condition 23 requires `x(2, 0, 0)` to be true.
    *   If `x(2, 0, 0)` is true, then `¬x(2, 0, 0)` is false, so Condition 23 requires `x(1, 1, 1)` to be true.
    *   This creates a conflict: `x(1, 1, 1)` and `x(2, 0, 0)` cannot both be true. Therefore, the instance is UNSAT.

13. **Contradiction from Condition 25 and 26:**
    *   Condition 25: `x(3, 2, 2) ∨ ¬x(1, 1, 2)`
    *   Condition 26: `x(1, 1, 2) ∨ ¬x(2, 0, 0)`
    *   If `x(3, 2, 2)` is true, then `¬x(1, 1, 2)` must be false, so `x(1, 1, 2)` must be true.
    *   If `x(1, 1, 2)` is true, then `¬x(1, 1, 2)` is false, so Condition 25 requires `x(3, 2, 2)` to be true.
    *   This creates a conflict: `x(1, 1, 2)` and `x(3, 2, 2)` cannot both be true. Therefore, the instance is UNSAT.

14. **Contradiction from Condition 27 and 28:**
    *   Condition 27: `¬x(3, 2, 1) ∨ x(2, 2, 1)`
    *   Condition 28: `x(1, 1, 2) ∨ ¬x(1, 1, 0)`
    *   If `x(2, 2, 1)` is true, then `x(1, 1, 2)` must be false.
    *   If `x(1, 1, 2)` is true, then `¬x(1, 1, 2)` must be false, so `x(1, 1, 2)` must be true.
    *   This creates a conflict: `x(1, 1, 2)` and `x(2, 2, 1)` cannot both be true. Therefore, the instance is UNSAT.

15. **Contradiction from Condition 29 and 30:**
    *   Condition 29: `¬x(1, 1, 1) ∨ x(3, 2, 2)`
    *   Condition 30: `x(1, 1, 1) ∨ ¬x(2, 0, 0)`
    *   If `x(1, 1, 1)` is true, then `¬x(1, 1, 1)` is false, so Condition 29 requires `x(3, 2, 2)` to be true.
    *   If `x(3, 2, 2)` is true, then `¬x(3, 2, 2)` is false, so Condition 29 requires `x(1, 1, 1)` to be true.
    *   This creates a conflict: `x(1, 1, 1)` and `x(3, 2, 2)` cannot both be true. Therefore, the instance is UNSAT.

16. **Contradiction from Condition 31 and 32:**
    *   Condition 31: `x(3, 2, 2) ∨ ¬x(1, 1, 2)`
    *   Condition 32: `x(1, 1, 2) ∨ ¬x(2, 0, 0)`
    *   If `x(3, 2, 2)` is true, then `¬x(1, 1, 2)` must be false, so `x(1, 1, 2)` must be true.
    *   If `x(1, 1, 2)` is true, then `¬x(1, 1, 2)` is false, so Condition 31 requires `x(3, 2, 2)` to be true.
    *   This creates a conflict: `x(1, 1, 2)` and `x(3, 2, 2)` cannot both be true. Therefore, the instance is UNSAT.

17. **Contradiction from Condition 33 and 34:**
    *   Condition 33: `x(1, 1, 1) ∨ ¬x(2, 0, 0)`
    *   Condition 34: `¬x(1, 1, 1) ∨ x(2, 0, 0)`
    *   If `x(1, 1, 1)` is true, then `¬x(1, 1, 1)` is false, so Condition 33 requires `x(2, 0, 0)` to be true.
    *   If `x(2, 0, 0)` is true, then `¬x(2, 0, 0)` is false, so Condition 33 requires `x(1, 1, 1)` to be true.
    *   This creates a conflict: `x(1, 1, 1)` and `x(2, 0, 0)` cannot both be true. Therefore, the instance is UNSAT.

18. **Contradiction from Condition 35 and 36:**
    *   Condition 35: `x(1, 1, 1) ∨ ¬x(2, 0, 0)`
    *   Condition 36: `¬x(1, 1, 1) ∨ x(2, 0, 0)`
    *   If `x(1, 1, 1)` is true, then `¬x(1, 1, 1)` is false, so Condition 35 requires `x(2, 0, 0)` to be true.
    *   If `x(2, 0, 0)` is true, then `¬x(2, 0, 0)` is false, so Condition 35 requires `x(1, 1, 1)` to be true.
    *   This creates a conflict: `x(1, 1, 1)` and `x(2, 0, 0)` cannot both be true. Therefore, the instance is UNSAT.

19. **Contradiction from Condition 37 and 38:**
    *   Condition 37: `x(1, 1, 1) ∨ ¬x(2, 0, 0)`
    *   Condition 38: `¬x(1, 1, 1) ∨ x(2, 0, 0)`
    *   If `x(1, 1, 1)` is true, then `¬x(1, 1, 1)` is false, so Condition 37 requires `x(2, 0, 0)` to be true.
    *   If `x(2, 0, 0)` is true, then `¬x(2, 0, 0)` is false, so Condition 37 requires `x(1, 1, 1)` to be true.
    *   This creates a conflict: `x(1, 1, 1)` and `x(2, 0, 0)` cannot both be true. Therefore, the instance is UNSAT.

20. **Contradiction from Condition 39 and 40:**
    *   Condition 39: `x(1, 1, 1) ∨ ¬x(2, 0, 0)`
    *   Condition 40: `¬x(1, 1, 1) ∨ x(2, 0, 0)`
    *   If `x(1, 1, 1)` is true, then `¬x(1, 1, 1)` is false, so Condition 39 requires `x(2, 0, 0)` to be true.
    *   If `x(2, 0, 0)` is true, then `¬x(2, 0, 0)` is false, so Condition 39 requires `x(1, 1, 1)` to be true.
    *   This creates a conflict: `x(1, 1, 1)` and `x(2, 0, 0)` cannot both be true. Therefore, the instance is UNSAT.

21. **Contradiction from Condition 41 and 42:**
    *   Condition 41: `x(1, 1, 1) ∨ ¬x(2, 0, 0)`
    *   Condition 42: `¬x(1, 1, 1) ∨ x(2, 0, 0)`
    *   If `x(1, 1, 1)` is true, then `¬x(1, 1, 1)` is false, so Condition 41 requires `x(2, 0, 0)` to be true.
    *   If `x(2, 0, 0)` is true, then `¬x(2, 0, 0)` is false, so Condition 41 requires `x(1, 1, 1)` to be true.
    *   This creates a conflict: `x(1, 1, 1)` and `x(2, 0, 0)` cannot both be true. Therefore, the instance is UNSAT.

22. **Contradiction from Condition 43 and 44:**
    *   Condition 43: `x(1, 1, 1) ∨ ¬x(2, 0, 0)`
    *   Condition 44: `¬x(1, 1, 1) ∨ x(2, 0, 0)`
    *   If `x(1, 1, 1)` is true, then `¬x(1, 1, 1)` is false, so Condition 43 requires `x(2, 0, 0)` to be true.
    *   If `x(2, 0, 0)` is true, then `¬x(2, 0, 0)` is false, so Condition 43 requires `x(1, 1, 1)` to be true.
    *   This creates a conflict: `x(1, 1, 1)` and `x(2, 0, 0)` cannot both be true. Therefore, the instance is UNSAT.

23. **Contradiction from Condition 45 and 46:**
    *   Condition 45: `x(1, 1, 1) ∨ ¬x(2, 0, 0)`
    *   Condition 46: `¬x(1, 1, 1) ∨ x(2, 0, 0)`
    *   If `x(1, 1, 1)` is true, then `¬x(1, 1, 1)` is false, so Condition 45 requires `x(2, 0, 0)` to be true.
    *   If `x(2, 0, 0)` is true, then `¬x(2, 0, 0)` is false, so Condition 45 requires `x(1, 1, 1)` to be true.
    *   This creates a conflict: `x(1, 1, 1)` and `x(2, 0, 0)` cannot both be true. Therefore, the instance is UNSAT.

24. **Contradiction from Condition 47 and 48:**
    *   Condition 47: `x(1, 1, 1) ∨ ¬x(2, 0, 0)`
    *   Condition 48: `¬x(1, 1, 1) ∨ x(2, 0, 0)`
    *   If `x(1, 1, 1)` is true, then `¬x(1, 1, 1)` is false, so Condition 47 requires `x(2, 0, 0)` to be true.
    *   If `x(2, 0, 0)` is true, then `¬x(2, 0, 0)` is false, so Condition 47 requires `x(1, 1, 1)` to be true.
    *   This creates a conflict: `x(1, 1, 1)` and `x(2, 0, 0)` cannot both be true. Therefore, the instance is UNSAT.

25. **Contradiction from Condition 49 and 50:**
    *   Condition 49: `x(1, 1, 1) ∨ ¬x(2, 0, 0)`
    *   Condition 50: `¬x(1, 1, 1) ∨ x(2, 0, 0)`
    *   If `x(1, 1, 1)` is true, then `¬x(1, 1, 1)` is false, so Condition 49 requires `x(2, 0, 0)` to be true.
    *   If `x(2, 0, 0)` is true, then `¬x(2, 0, 0)` is false, so Condition 49 requires `x(1, 1, 1)` to be true.
    *   This creates a conflict: `x(1, 1, 1)` and `x(2, 0, 0)` cannot both be true. Therefore, the instance is UNSAT.

26. **Contradiction from Condition 51 and 52:**
    *   Condition 51: `x(1, 1, 1) ∨ ¬x(2, 0, 0)`
    *   Condition 52: `¬x(1, 1, 1) ∨ x(2, 0, 0)`
    *   If `x(1, 1, 1)` is true, then `¬x(1, 1, 1)` is false, so Condition 51 requires `x(2, 0, 0)` to be true.
    *   If `x(2, 0, 0)` is true, then `¬x(2, 0, 0)` is false, so Condition 51 requires `x(1, 1, 1)` to be true.
    *   This creates a conflict: `x(1, 1, 1)` and `x(2, 0, 0)` cannot both be true. Therefore, the instance is UNSAT.

27. **Contradiction from Condition 53 and 54:**
    *   Condition 53: `x(1, 1, 1) ∨ ¬x(2, 0, 0)`
    *   Condition 54: `¬x(1, 1, 1) ∨ x(2, 0, 0)`
    *   If `x(1, 1, 1)` is true, then `¬x(1, 1, 1)` is false, so Condition 53 requires `x(2, 0, 0)` to be true.
    *   If `x(2, 0, 0)` is true, then `¬x(2, 0, 0)` is false, so Condition 53 requires `x(1, 1, 1)` to be true.
    *   This creates a conflict: `x(1, 1, 1)` and `x(2, 0, 0)` cannot both be true. Therefore, the instance is UNSAT.

28. **Contradiction from Condition 55 and 56:**
    *   Condition 55: `x(1, 1, 1) ∨ ¬x(2, 0, 0)`
    *   Condition 56: `¬x(1, 1, 1) ∨ x(2, 0, 0)`
    *   If `x(1, 1, 1)` is true, then `¬x(1, 1, 1)` is false, so Condition 55 requires `x(2, 0, 0)` to be true.
    *   If `x(2, 0, 0)` is true, then `¬x(2, 0, 0)` is false, so Condition 55 requires `x(1, 1, 1)` to be true.
    *   This creates a conflict: `x(1, 1, 1)` and `x(2, 0, 0)` cannot both be true. Therefore, the instance is UNSAT.

29. **Contradiction from Condition 57 and 58:**
    *   Condition 57: `x(1, 1, 1) ∨ ¬x(2, 0, 0)`
    *   Condition 58: `¬x(1, 1, 1) ∨ x(2, 0, 0)`
    *   If `x(1, 1, 1)` is true, then `¬x(1, 1, 1)` is false, so Condition 57 requires `x(2, 0, 0)` to be true.
    *   If `x(2, 0, 0)` is true, then `¬x(2, 0, 0)` is false, so Condition 57 requires `x(1, 1, 1)` to be true.
    *   This creates a conflict: `x(1, 1, 1)` and `x(2, 0, 0)` cannot both be true. Therefore, the instance is UNSAT.

30. **Contradiction from Condition 59 and 60:**
    *   Condition 59: `x(1, 1, 1) ∨ ¬x(2, 0, 0)`
    *   Condition 60: `¬x(1, 1, 1) ∨ x(2, 0, 0)`
    *   If `x(1, 1, 1)` is true, then `¬x(1, 1, 1)` is false, so Condition 59 requires `x(2, 0, 0)` to be true.
    *   If `x(2, 0, 0)` is true, then `¬x(2, 0, 0)` is false, so Condition 59 requires `x(1, 1, 1)` to be true.
    *   This creates a conflict: `x(1, 1, 1)` and `x(2, 0, 0)` cannot both be true. Therefore, the instance is UNSAT.

31. **Contradiction from Condition 61 and 62:**
    *   Condition 61: `x(1, 1, 1) ∨ ¬x(2, 0, 0)`
    *   Condition 62: `¬x(1, 1, 1) ∨ x(2, 0, 0)`
    *   If `x(1, 1, 1)` is true, then `¬x(1, 1, 1)` is false, so Condition 61 requires `x(2, 0, 0)` to be true.
    *   If `x(2, 0, 0)` is true, then `¬x(2, 0, 0)` is false, so Condition 61 requires `x(1, 1, 1)` to be true.
    *   This creates a conflict: `x(1, 1, 1)` and `x(2, 0, 0)` cannot both be true. Therefore, the instance is UNSAT.

32. **Contradiction from Condition 63 and 64:**
    *   Condition 63: `x(1, 1, 1) ∨ ¬x(2, 0, 0)`
    *   Condition 64: `¬x(1, 1, 1) ∨ x(2, 0, 0)`
    *   If `x(1, 1, 1)` is true, then `¬x(1, 1, 1)` is false, so Condition 63 requires `x(2, 0, 0)` to be true.
    *   If `x(2, 0, 0)` is true, then `¬x(2, 0, 0)` is false, so Condition 63 requires `x(1, 1, 1)` to be true.
    *   This creates a conflict: `x(1, 1, 1)` and `x(2, 0, 0)` cannot both be true. Therefore, the instance is UNSAT.

33. **Contradiction from Condition 65 and 66:**
    *   Condition 65: `x(1, 1, 1) ∨ ¬x(2, 0, 0)`
    *   Condition 66: `¬x(1, 1, 1) ∨ x(2, 0, 0)`
    *   If `x(1, 1, 1)` is true, then `¬x(1, 1, 1)` is false, so Condition 65 requires `x(2, 0, 0)` to be true.
    *   If `x(2, 0, 0)` is true, then `¬x(2, 0, 0)` is false, so Condition 65 requires `x(1, 1, 1)` to be true.
    *   This creates a conflict: `x(1, 1, 1)` and `x(2, 0, 0)` cannot both be true. Therefore, the instance is UNSAT.

34. **Contradiction from Condition 67 and 68:**
    *   Condition 67: `x(1, 1, 1) ∨ ¬x(2, 0, 0)`
    *   Condition 68: `¬x(1, 1, 1) ∨ x(2, 0, 0)`
    *   If `x(1, 1, 1)` is true, then `¬x(1, 1, 1)` is false, so Condition 67 requires `x(2, 0, 0)` to be true.
    *   If `x(2, 0, 0)` is true, then `¬x(2, 0, 0)` is false, so Condition 67 requires `x(1, 1, 1)` to be true.
    *   This creates a conflict: `x(1, 1, 1)` and `x(2, 0, 0)` cannot both be true. Therefore, the instance is UNSAT.

35. **Contradiction from Condition 69 and 70:**
    *   Condition 69: `x(1, 1, 1) ∨ ¬x(2, 0, 0)`
    *   Condition 70: `¬x(1, 1, 1) ∨ x(2, 0, 0)`
    *   If `x(1, 1
----------------------------------------------------------------------------------------------------

Current summary:
{
  "model_id": "Qwen/Qwen3.5-0.8B-Base",
  "num_total": 5,
  "num_sat_test": 5,
  "num_unsat_test": 0,
  "overall_accuracy": 0.0,
  "sat_test_accuracy": 0.0,
  "unsat_test_accuracy": null,
  "predicted_label_counts": {
    "UNSAT": 5
  },
  "gold_label_counts": {
    "SAT": 5
  },
  "num_errors": 0,
  "avg_output_tokens": 5152.4,
  "avg_tokens_per_second": 22.724407058190394
}
Evaluating:  12%|█▎        | 5/40 [18:02<2:30:16, 257.62s/it]
====================================================================================================
Example 5 | dataset_id=sat_test_00005 | split=sat_test | gold=SAT
----------------------------------------------------------------------------------------------------
[UNSAT]

The puzzle is UNSAT because the conditions contain a direct contradiction. Specifically, condition 1 states that "Either Drone Alpha does not deliver package type 0 in snowy conditions, or Drone Alpha does not deliver package type 1 in clear conditions, or Drone Beta does not deliver package type 0 in snowy conditions." This is logically equivalent to "Drone Alpha does deliver package type 0 in snowy conditions" (by the law of excluded middle).

Condition 2 states that "Either Drone Beta does not deliver package type 0 in rainy conditions, or Drone Gamma does not deliver package type 4 in rainy conditions." This is also logically equivalent to "Drone Beta does deliver package type 0 in rainy conditions" (by the law of excluded middle).

These two conditions are mutually exclusive and cannot both be true simultaneously. Therefore, the puzzle is unsatisfiable.

----------------------------------------------------------------------------------------------------

Current summary:
{
  "model_id": "Qwen/Qwen3.5-0.8B-Base",
  "num_total": 6,
  "num_sat_test": 6,
  "num_unsat_test": 0,
  "overall_accuracy": 0.0,
  "sat_test_accuracy": 0.0,
  "unsat_test_accuracy": null,
  "predicted_label_counts": {
    "UNSAT": 6
  },
  "gold_label_counts": {
    "SAT": 6
  },
  "num_errors": 0,
  "avg_output_tokens": 4324.0,
  "avg_tokens_per_second": 22.584357379899046
}
Evaluating:  15%|█▌        | 6/40 [18:10<1:37:57, 172.86s/it]
====================================================================================================
Example 6 | dataset_id=sat_test_00006 | split=sat_test | gold=SAT
----------------------------------------------------------------------------------------------------
[UNSAT]

The puzzle is UNSAT because the conditions are mutually exclusive. Let's analyze the constraints:

1. Condition 1: ¬x(3,0,0) ∨ x(0,1,1)
2. Condition 2: ¬x(2,0,1) ∨ x(3,1,0)
3. Condition 3: ¬x(3,0,1) ∨ ¬x(2,0,1)
4. Condition 4: ¬x(0,1,1) ∨ x(3,0,1)
5. Condition 5: ¬x(3,1,0) ∨ x(3,0,0)

From Condition 1 and 4, we have:
- If x(3,0,0) is true, then x(0,1,1) must be false (from Condition 1).
- If x(3,0,1) is true, then x(0,1,1) must be true (from Condition 4).

From Condition 2 and 3, we have:
- If x(2,0,1) is true, then x(3,1,0) must be false (from Condition 2).
- If x(2,0,1) is false, then ¬x(3,0,1) must be true (from Condition 3).

From Condition 3 and 5, we have:
- If x(3,0,0) is true, then x(3,1,0) must be false (from Condition 5).
- If x(3,0,1) is true, then x(3,1,0) must be true (from Condition 5).

These conditions create a contradiction. For example, if x(3,0,0) is true, then x(3,1,0) must be false (from Condition 5), but from Condition 3, if x(3,0,1) is true, then x(3,1,0) must be true. These cannot both be true. Similarly, if x(3,0,1) is true, then x(3,1,0) must be true (from Condition 5), but from Condition 3, if x(3,0,1) is true, then ¬x(3,0,1) must be true, which is a contradiction.

Therefore, the puzzle is UNSAT.

----------------------------------------------------------------------------------------------------

Current summary:
{
  "model_id": "Qwen/Qwen3.5-0.8B-Base",
  "num_total": 7,
  "num_sat_test": 7,
  "num_unsat_test": 0,
  "overall_accuracy": 0.0,
  "sat_test_accuracy": 0.0,
  "unsat_test_accuracy": null,
  "predicted_label_counts": {
    "UNSAT": 7
  },
  "gold_label_counts": {
    "SAT": 7
  },
  "num_errors": 0,
  "avg_output_tokens": 3783.285714285714,
  "avg_tokens_per_second": 22.733335738056635
}
Evaluating:  18%|█▊        | 7/40 [18:33<1:08:05, 123.81s/it]
====================================================================================================
Example 7 | dataset_id=sat_test_00007 | split=sat_test | gold=SAT
----------------------------------------------------------------------------------------------------
[UNSAT]

The puzzle is UNSAT because the conditions create a logical contradiction. Let's analyze the constraints step by step.

1. **Condition 1**: Drone Alpha can deliver either electronics or documents in sunny weather.
   - This means: x(0,1,0) ∨ x(0,2,0)

2. **Condition 2**: Either Drone Alpha cannot deliver documents in rainy weather, or Drone Charlie cannot deliver furniture in sunny weather.
   - This is: ¬x(0,2,1) ∨ ¬x(2,4,0)

3. **Condition 3**: Either Drone Alpha can deliver documents in rainy weather, or Drone Charlie can deliver furniture in sunny weather.
   - This is: x(0,2,1) ∨ x(2,4,0)

4. **Condition 4**: Either Drone Charlie can deliver clothing in rainy weather, or Drone Bravo cannot deliver documents in sunny weather, or Drone Charlie cannot deliver furniture in sunny weather.
   - This is: x(2,3,1) ∨ ¬x(1,2,0) ∨ ¬x(2,4,0)

5. **Condition 5**: Either Drone Alpha can deliver documents in rainy weather, or Drone Charlie cannot deliver furniture in sunny weather.
   - This is: x(0,2,1) ∨ ¬x(2,4,0)

6. **Condition 6**: Either Drone Charlie can deliver clothing in sunny weather, or Drone Bravo cannot deliver food in sunny weather, or Drone Charlie cannot deliver documents in rainy weather.
   - This is: x(2,3,0) ∨ ¬x(1,0,0) ∨ ¬x(2,2,1)

Let's look for a contradiction.

**From Condition 2 and 3**:
- Condition 2: ¬x(0,2,1) ∨ ¬x(2,4,0)
- Condition 3: x(0,2,1) ∨ x(2,4,0)

If x(0,2,1) is true, then from Condition 3, x(2,4,0) must be true.
If x(0,2,1) is false, then from Condition 2, ¬x(2,4,0) must be true, meaning x(2,4,0) is false.

But from Condition 3, if x(0,2,1) is false, then x(2,4,0) must be true. This is a contradiction.

Therefore, the conditions are mutually exclusive.

**From Condition 4 and 5**:
- Condition 4: x(2,3,1) ∨ ¬x(1,2,0) ∨ ¬x(2,4,0)
- Condition 5: x(0,2,1) ∨ ¬x(2,4,0)

If x(2,4,0) is true, then from Condition 5, x(0,2,1) must be true.
If x(2,4,0) is false, then from Condition 4, x(2,3,1) must be true.

But from Condition 2 and 3, we know that if x(0,2,1) is true, then x(2,4,0) must be true. This contradicts the assumption that x(2,4,0) is false.

Therefore, the conditions are mutually exclusive.

The puzzle is UNSAT.

----------------------------------------------------------------------------------------------------

Current summary:
{
  "model_id": "Qwen/Qwen3.5-0.8B-Base",
  "num_total": 8,
  "num_sat_test": 8,
  "num_unsat_test": 0,
  "overall_accuracy": 0.0,
  "sat_test_accuracy": 0.0,
  "unsat_test_accuracy": null,
  "predicted_label_counts": {
    "UNSAT": 8
  },
  "gold_label_counts": {
    "SAT": 8
  },
  "num_errors": 0,
  "avg_output_tokens": 3406.875,
  "avg_tokens_per_second": 22.842565625437018
}
Evaluating:  20%|██        | 8/40 [19:05<50:33, 94.81s/it]   
====================================================================================================
Example 8 | dataset_id=sat_test_00008 | split=sat_test | gold=SAT
----------------------------------------------------------------------------------------------------
[UNSAT]

The puzzle is UNSAT because the conditions contain a direct contradiction. Specifically, condition 1 states: "Either Agent Alpha does not accept mission 3, or Agent Bravo accepts mission 1." This is logically equivalent to "Agent Alpha accepts mission 3 and Agent Bravo does not accept mission 1."

Condition 2 states: "Either Agent Alpha accepts mission 3, or Agent Bravo does not accept mission 1." This is logically equivalent to "Agent Alpha does not accept mission 3 and Agent Bravo accepts mission 1."

These two conditions are mutually exclusive and cannot both be true simultaneously. Therefore, the instance is UNSAT.

----------------------------------------------------------------------------------------------------

Current summary:
{
  "model_id": "Qwen/Qwen3.5-0.8B-Base",
  "num_total": 9,
  "num_sat_test": 9,
  "num_unsat_test": 0,
  "overall_accuracy": 0.0,
  "sat_test_accuracy": 0.0,
  "unsat_test_accuracy": null,
  "predicted_label_counts": {
    "UNSAT": 9
  },
  "gold_label_counts": {
    "SAT": 9
  },
  "num_errors": 0,
  "avg_output_tokens": 3043.4444444444443,
  "avg_tokens_per_second": 22.842883970875334
}
Evaluating:  22%|██▎       | 9/40 [19:11<34:38, 67.04s/it]
====================================================================================================
Example 9 | dataset_id=sat_test_00009 | split=sat_test | gold=SAT
----------------------------------------------------------------------------------------------------
[UNSAT]

The puzzle is UNSAT because the conditions contain a direct contradiction. Specifically, condition 1 and condition 2 both require Team Zero to compete in desserts during the preliminary round, but condition 1 also requires Team Zero to compete in appetizers during finals. These two requirements cannot both be true simultaneously.

To verify, consider the clauses:
- Clause 1: ¬x(0, 2, 0) ∨ ¬x(0, 0, 2) ∨ x(0, 1, 0) ∨ ¬x(1, 2, 1)
- Clause 2: x(0, 2, 0) ∨ ¬x(0, 0, 2) ∨ ¬x(0, 1, 0) ∨ ¬x(1, 2, 1)

Clause 1 requires x(0, 2, 0) and ¬x(0, 0, 2). Clause 2 requires ¬x(0, 2, 0) and ¬x(0, 0, 2). These clauses cannot both be true, making the instance unsatisfiable.

----------------------------------------------------------------------------------------------------

Current summary:
{
  "model_id": "Qwen/Qwen3.5-0.8B-Base",
  "num_total": 10,
  "num_sat_test": 10,
  "num_unsat_test": 0,
  "overall_accuracy": 0.0,
  "sat_test_accuracy": 0.0,
  "unsat_test_accuracy": null,
  "predicted_label_counts": {
    "UNSAT": 10
  },
  "gold_label_counts": {
    "SAT": 10
  },
  "num_errors": 0,
  "avg_output_tokens": 2764.3,
  "avg_tokens_per_second": 22.8835275738486
}
Evaluating:  25%|██▌       | 10/40 [19:22<24:50, 49.69s/it]
====================================================================================================
Example 10 | dataset_id=sat_test_00010 | split=sat_test | gold=SAT
----------------------------------------------------------------------------------------------------
[UNSAT]

The puzzle is UNSAT because the conditions are mutually contradictory.

**Reasoning:**
1.  **Identify the core contradiction:**
    - Condition 1: `¬x(2, 1) ∨ x(1, 0)`
    - Condition 2: `¬x(2, 2) ∨ x(1, 3)`
    - Condition 3: `¬x(0, 2) ∨ x(1, 2)`
    - Condition 4: `¬x(2, 3) ∨ ¬x(0, 2)`
    - Condition 5: `¬x(1, 0) ∨ x(2, 0)`
    - Condition 6: `¬x(1, 2) ∨ x(2, 1)`
    - Condition 7: `¬x(0, 3) ∨ x(2, 3)`
    - Condition 8: `¬x(1, 3) ∨ x(0, 3)`
    - Condition 9: `¬x(2, 0) ∨ x(2, 2)`

2.  **Analyze the conflict:**
    - Consider the clauses involving `x(0, 2)` (Dr. Smith in biology).
    - From Condition 3: `¬x(0, 2) ∨ x(1, 2)` (Dr. Smith does not work in biology OR Dr. Johnson works in biology).
    - From Condition 4: `¬x(2, 3) ∨ ¬x(0, 2)` (Dr. Lee does not work in computer science OR Dr. Smith does not work in biology).
    - From Condition 9: `¬x(2, 0) ∨ x(2, 2)` (Dr. Lee does not work in physics OR Dr. Lee works in biology).
    - If we assume `x(0, 2) = 1` (Dr. Smith works in biology), then:
        - From Condition 3: `x(1, 2) = 1` (Dr. Johnson works in biology).
        - From Condition 4: `¬x(2, 3) = 1` (Dr. Lee does not work in computer science).
        - From Condition 9: `x(2, 2) = 1` (Dr. Lee works in biology).
    - Now, if `x(0, 2) = 1` and `x(2, 2) = 1`, then Condition 3 becomes `x(1, 2) = 1` (which is already true) and Condition 9 becomes `¬x(2, 0) = 1` (Dr. Lee does not work in physics).
    - However, Condition 5 states: `¬x(1, 0) ∨ x(2, 0)`. If `x(2, 0) = 1` (Dr. Lee works in computer science), then `¬x(1, 0) = 0`, so we must have `x(2, 0) = 1`. This is consistent.
    - The key is to check if we can satisfy all conditions simultaneously. Let's try to find a consistent assignment.
    - Let's assume `x(0, 2) = 0` (Dr. Smith does not work in biology).
        - From Condition 3: `x(1, 2) = 1` (Dr. Johnson works in biology).
        - From Condition 4: `¬x(2, 3) = 1` (Dr. Lee does not work in computer science).
        - From Condition 9: `x(2, 2) = 1` (Dr. Lee works in biology).
    - Now, if `x(0, 2) = 0` and `x(2, 2) = 1`, then Condition 9 becomes `¬x(2, 0) = 1` (Dr. Lee does not work in physics).
    - Let's look at Condition 5: `¬x(1, 0) ∨ x(2, 0)`. If `x(2, 0) = 1`, then `¬x(1, 0) = 0`, so we must have `x(2, 0) = 1`. This is consistent.
    - Let's look at Condition 8: `¬x(1, 3) ∨ x(0, 3)`. If `x(0, 3) = 1`, then `¬x(1, 3) = 0`, so we must have `x(0, 3) = 1`.
    - Let's look at Condition 7: `¬x(0, 3) ∨ x(2, 3)`. If `x(0, 3) = 1`, then `¬x(0, 3) = 0`, so we must have `x(2, 3) = 1`.
    - Now, if `x(0, 3) = 1` and `x(2, 3) = 1`, then Condition 7 becomes `¬x(0, 3) = 0`, so we must have `x(2, 3) = 1`. This is consistent.
    - Let's look at Condition 6: `¬x(1, 2) ∨ x(2, 1)`. If `x(1, 2) = 1` (Dr. Johnson works in biology), then `¬x(1, 2) = 0`, so we must have `x(2, 1) = 1` (Dr. Lee works in physics).
    - Now, if `x(1, 2) = 1` and `x(2, 1) = 1`, then Condition 6 becomes `¬x(1, 2) = 0`, so we must have `x(2, 1) = 1`. This is consistent.
    - Let's look at Condition 2: `¬x(2, 2) ∨ x(1, 3)`. If `x(2, 2) = 1` (Dr. Lee works in biology), then `¬x(2, 2) = 0`, so we must have `x(1, 3) = 1` (Dr. Johnson works in computer science).
    - Now, if `x(2, 2) = 1` and `x(1, 3) = 1`, then Condition 2 becomes `¬x(2, 2) = 0`, so we must have `x(1, 3) = 1`. This is consistent.
    - Let's look at Condition 1: `¬x(2, 1) ∨ x(1, 0)`. If `x(2, 1) = 1` (Dr. Lee works in physics), then `¬x(2, 1) = 0`, so we must have `x(1, 0) = 1` (Dr. Johnson works in physics).
    - Now, if `x(2, 1) = 1` and `x(1, 0) = 1`, then Condition 1 becomes `¬x(2, 1) = 0`, so we must have `x(1, 0) = 1`. This is consistent.
    - Let's look at Condition 8: `¬x(1, 3) ∨ x(0, 3)`. If `x(1, 3) = 1` (Dr. Johnson works in computer science), then `¬x(1, 3) = 0`, so we must have `x(0, 3) = 1` (Dr. Smith works in computer science).
    - Now, if `x(1, 3) = 1` and `x(0, 3) = 1`, then Condition 8 becomes `¬x(1, 3) = 0`, so we must have `x(0, 3) = 1`. This is consistent.
    - Let's look at Condition 4: `¬x(2, 3) ∨ ¬x(0, 2)`. If `x(0, 2) = 0` (Dr. Smith does not work in biology) and `x(0, 3) = 1` (Dr. Smith works in computer science), then `¬x(0, 2) = 1`, so we must have `¬x(2, 3) = 1` (Dr. Lee does not work in computer science).
    - Now, if `x(0, 2) = 0` and `x(0, 3) = 1`, then Condition 4 becomes `¬x(2, 3) = 1`, so we must have `¬x(2, 3) = 1`. This is consistent.
    - Let's look at Condition 5: `¬x(1, 0) ∨ x(2, 0)`. If `x(1, 0) = 1` (Dr. Johnson works in physics) and `x(2, 0) = 1` (Dr. Lee works in computer science), then `¬x(1, 0) = 0`, so we must have `x(2, 0) = 1`. This is consistent.
    - Let's look at Condition 9: `¬x(2, 0) ∨ x(2, 2)`. If `x(2, 0) = 1` (Dr. Lee works in computer science) and `x(2, 2) = 1` (Dr. Lee works in biology), then `¬x(2, 0) = 0`, so we must have `x(2, 2) = 1`. This is consistent.

**Conclusion:**
The assignment `x(0, 2) = 0`, `x(1, 2) = 1`, `x(2, 1) = 1`, `x(1, 3) = 1`, `x(0, 3) = 1`, `x(2, 3) = 1`, `x(2, 0) = 1`, `x(2, 2) = 1` satisfies all 9 conditions. Therefore, the puzzle is **SAT**.

----------------------------------------------------------------------------------------------------

Current summary:
{
  "model_id": "Qwen/Qwen3.5-0.8B-Base",
  "num_total": 11,
  "num_sat_test": 11,
  "num_unsat_test": 0,
  "overall_accuracy": 0.0,
  "sat_test_accuracy": 0.0,
  "unsat_test_accuracy": null,
  "predicted_label_counts": {
    "UNSAT": 11
  },
  "gold_label_counts": {
    "SAT": 11
  },
  "num_errors": 0,
  "avg_output_tokens": 2727.0,
  "avg_tokens_per_second": 22.96134099339378
}
Evaluating:  28%|██▊       | 11/40 [21:01<31:20, 64.83s/it]
====================================================================================================
Example 11 | dataset_id=sat_test_00011 | split=sat_test | gold=SAT
----------------------------------------------------------------------------------------------------
[UNSAT]

The puzzle is UNSAT because the conditions are mutually exclusive. Let's analyze the constraints:

1. Condition 1: Skycar is ready on rural in clear, or not ready on urban in clear.
2. Condition 2: Skycar is ready on urban in clear, or not ready on urban in stormy.
3. Condition 3: Skycar is not ready on rural in clear, or ready on urban in clear.
4. Condition 4: Skycar is not ready on urban in clear, or ready on urban in stormy.
5. Condition 5: Skycar is ready on rural in clear, or ready on urban in stormy.

From Condition 1 and 3, we have:
- Skycar is ready on rural in clear (from 1)
- Skycar is not ready on rural in clear (from 3)

This is a contradiction. Therefore, the instance is UNSAT.

----------------------------------------------------------------------------------------------------

Current summary:
{
  "model_id": "Qwen/Qwen3.5-0.8B-Base",
  "num_total": 12,
  "num_sat_test": 12,
  "num_unsat_test": 0,
  "overall_accuracy": 0.0,
  "sat_test_accuracy": 0.0,
  "unsat_test_accuracy": null,
  "predicted_label_counts": {
    "UNSAT": 12
  },
  "gold_label_counts": {
    "SAT": 12
  },
  "num_errors": 0,
  "avg_output_tokens": 2517.25,
  "avg_tokens_per_second": 23.188945857675634
}
Evaluating:  30%|███       | 12/40 [21:10<22:12, 47.60s/it]
====================================================================================================
Example 12 | dataset_id=sat_test_00012 | split=sat_test | gold=SAT
----------------------------------------------------------------------------------------------------
[UNSAT]

The puzzle is UNSAT because the conditions contain a direct contradiction. Specifically, condition 2 states: "Either Team Gamma does not show proficiency in Marketing during Q2, or Team Beta does not show proficiency in Development during Q2." This is logically equivalent to: "Team Gamma shows proficiency in Marketing during Q2 AND Team Beta shows proficiency in Development during Q2."

Condition 16 states: "Either Team Gamma does not show proficiency in Marketing during Q2, or Team Alpha does not show proficiency in Development during Q3." This is logically equivalent to: "Team Gamma shows proficiency in Marketing during Q2 AND Team Alpha shows proficiency in Development during Q3."

These two conditions together imply that Team Gamma must show proficiency in Marketing during Q2 AND Team Alpha must show proficiency in Development during Q3. However, condition 20 states: "Team Alpha does not show proficiency in Development during Q3." This directly contradicts the requirement from condition 16. Therefore, no assignment can satisfy all conditions simultaneously.

----------------------------------------------------------------------------------------------------

Current summary:
{
  "model_id": "Qwen/Qwen3.5-0.8B-Base",
  "num_total": 13,
  "num_sat_test": 13,
  "num_unsat_test": 0,
  "overall_accuracy": 0.0,
  "sat_test_accuracy": 0.0,
  "unsat_test_accuracy": null,
  "predicted_label_counts": {
    "UNSAT": 13
  },
  "gold_label_counts": {
    "SAT": 13
  },
  "num_errors": 0,
  "avg_output_tokens": 2340.0,
  "avg_tokens_per_second": 23.10062309093358
}
Evaluating:  32%|███▎      | 13/40 [21:19<16:15, 36.11s/it]
====================================================================================================
Example 13 | dataset_id=sat_test_00013 | split=sat_test | gold=SAT
----------------------------------------------------------------------------------------------------
[UNSAT]

The conditions create a contradiction. Specifically, condition 5 states that "Charlie does not prepare dessert for the charity gala." This directly contradicts condition 1, which requires that "Charlie prepares dessert for the charity gala" or "Charlie prepares an appetizer for the charity gala." Since condition 5 is true, the disjunction in condition 1 must be false, meaning both "Charlie prepares an appetizer" and "Charlie prepares dessert" must be false. However, condition 4 states that "Either Charlie does not prepare an appetizer for the charity gala, or Alice does not prepare dessert for the charity gala." This is true because both "Charlie does not prepare an appetizer" and "Alice does not prepare dessert" are true (from condition 5 and condition 1). But condition 6 states that "Either Charlie does not prepare dessert for the charity gala, or Alice does not prepare dessert for the charity gala." This is also true because both "Charlie does not prepare dessert" and "Alice does not prepare dessert" are true. The core contradiction is that condition 5 asserts Charlie does not prepare dessert, while condition 1 asserts Charlie does prepare dessert. No assignment can satisfy both.

----------------------------------------------------------------------------------------------------

Current summary:
{
  "model_id": "Qwen/Qwen3.5-0.8B-Base",
  "num_total": 14,
  "num_sat_test": 14,
  "num_unsat_test": 0,
  "overall_accuracy": 0.0,
  "sat_test_accuracy": 0.0,
  "unsat_test_accuracy": null,
  "predicted_label_counts": {
    "UNSAT": 14
  },
  "gold_label_counts": {
    "SAT": 14
  },
  "num_errors": 0,
  "avg_output_tokens": 2190.6428571428573,
  "avg_tokens_per_second": 23.11159149390614
}
Evaluating:  35%|███▌      | 14/40 [21:30<12:19, 28.44s/it]
====================================================================================================
Example 14 | dataset_id=sat_test_00014 | split=sat_test | gold=SAT
----------------------------------------------------------------------------------------------------
[UNSAT]

The puzzle is UNSAT because the conditions create a logical contradiction.

**Reasoning:**
1.  **Condition 1:** `¬x(0, 4, 1) ∨ ¬x(3, 3, 1)`
2.  **Condition 2:** `¬x(0, 4, 1)`
3.  **Condition 4:** `¬x(0, 4, 1) ∨ ¬x(3, 1, 1)`

From Condition 2, we have `¬x(0, 4, 1)`.
Substituting this into Condition 4 gives: `¬x(3, 1, 1)`.

Now, look at Condition 1: `¬x(0, 4, 1) ∨ ¬x(3, 3, 1)`.
Since we have `¬x(0, 4, 1)` (from Condition 2), the first part of the disjunction is false. For the entire disjunction to be true, the second part must be true: `¬x(3, 3, 1)`.

This means `x(3, 3, 1)` is false.
However, Condition 3 states: `¬x(3, 1, 1)`. This means `x(3, 1, 1)` is false.

We have a contradiction:
- From Condition 1 and Condition 2, we deduce `¬x(3, 3, 1)` (so `x(3, 3, 1)` is false).
- From Condition 3, we deduce `¬x(3, 1, 1)` (so `x(3, 1, 1)` is false).

Since `x(3, 3, 1)` and `x(3, 1, 1)` are both false, the condition `x(3, 3, 1) ∨ x(3, 1, 1)` (which is the second part of Condition 1) is also false.
Therefore, the entire first clause of the CNF is false.

Since the CNF is unsatisfiable, the puzzle is UNSAT.

----------------------------------------------------------------------------------------------------

Current summary:
{
  "model_id": "Qwen/Qwen3.5-0.8B-Base",
  "num_total": 15,
  "num_sat_test": 15,
  "num_unsat_test": 0,
  "overall_accuracy": 0.0,
  "sat_test_accuracy": 0.0,
  "unsat_test_accuracy": null,
  "predicted_label_counts": {
    "UNSAT": 15
  },
  "gold_label_counts": {
    "SAT": 15
  },
  "num_errors": 0,
  "avg_output_tokens": 2077.4666666666667,
  "avg_tokens_per_second": 23.129443594811033
}
Evaluating:  38%|███▊      | 15/40 [21:51<10:55, 26.23s/it]
====================================================================================================
Example 15 | dataset_id=sat_test_00015 | split=sat_test | gold=SAT
----------------------------------------------------------------------------------------------------
[UNSAT]

The puzzle is UNSAT because the conditions contain a direct contradiction.

**Reasoning:**
1.  **Identify the contradiction:** Look at the conditions.
    *   Condition 1: `¬x(1, 1, 0) ∨ x(0, 1, 1)` (Alex does not do robotics in zero gravity OR Sam does robotics in planetary surface).
    *   Condition 5: `¬x(2, 1, 1)` (Jordan does not do robotics in planetary surface).
    *   Condition 6: `x(3, 2, 0)` (Riley does geology in zero gravity).

2.  **Derive a contradiction:**
    *   From Condition 5, we know Jordan does **not** demonstrate robotics in planetary surface.
    *   From Condition 1, we know that if Alex does **not** demonstrate robotics in zero gravity, then Sam **must** demonstrate robotics in planetary surface.
    *   From Condition 6, we know that Riley demonstrates geology in zero gravity.
    *   Now, look at Condition 2: `¬x(1, 0, 0) ∨ x(1, 1, 0)`. This means Alex does **not** demonstrate navigation in zero gravity **OR** Alex demonstrates robotics in zero gravity.
    *   Since Alex demonstrates robotics in zero gravity (Condition 6), the "OR" part of Condition 2 is true. Therefore, the entire disjunction is true, and the negation `¬x(1, 0, 0)` is false. This means Alex **does** demonstrate navigation in zero gravity.
    *   Now, look at Condition 4: `¬x(3, 1, 0) ∨ x(1, 0, 0)`. This means Riley does **not** demonstrate robotics in zero gravity **OR** Alex demonstrates navigation in zero gravity.
    *   We have established that Alex **does** demonstrate navigation in zero gravity (from Condition 2). Therefore, the "OR" part of Condition 4 is true. The negation `¬x(3, 1, 0)` is false. This means Riley **does** demonstrate robotics in zero gravity.
    *   However, Condition 6 explicitly states that Riley demonstrates geology in zero gravity.
    *   This creates a direct conflict: Riley is required to demonstrate both robotics (Condition 4) and geology (Condition 6) in zero gravity.

Since the conditions explicitly state that Riley must demonstrate both robotics and geology in zero gravity, it is impossible to satisfy all conditions simultaneously. The instance is UNSAT.

----------------------------------------------------------------------------------------------------

Current summary:
{
  "model_id": "Qwen/Qwen3.5-0.8B-Base",
  "num_total": 16,
  "num_sat_test": 16,
  "num_unsat_test": 0,
  "overall_accuracy": 0.0,
  "sat_test_accuracy": 0.0,
  "unsat_test_accuracy": null,
  "predicted_label_counts": {
    "UNSAT": 16
  },
  "gold_label_counts": {
    "SAT": 16
  },
  "num_errors": 0,
  "avg_output_tokens": 1983.5625,
  "avg_tokens_per_second": 23.172658946416107
}
Evaluating:  40%|████      | 16/40 [22:15<10:14, 25.60s/it]
====================================================================================================
Example 16 | dataset_id=sat_test_00016 | split=sat_test | gold=SAT
----------------------------------------------------------------------------------------------------
[UNSAT]

The instance is UNSAT because the conditions contain contradictory clauses that cannot both be satisfied simultaneously.

**Reasoning:**
1.  **Identify Contradictory Clauses:**
    *   **Clause 1:** `x(1, 2, 1) ∨ ¬x(2, 1, 1)`
    *   **Clause 2:** `¬x(1, 4, 1) ∨ ¬x(0, 4, 0)`
    *   **Clause 3:** `x(0, 0, 0) ∨ ¬x(1, 3, 1)`
    *   **Clause 4:** `x(0, 4, 1) ∨ ¬x(2, 2, 0)`
    *   **Clause 5:** `¬x(2, 1, 1) ∨ x(0, 0, 0)`
    *   **Clause 6:** `x(1, 1, 1) ∨ ¬x(3, 1, 0)`
    *   **Clause 7:** `¬x(2, 0, 1) ∨ x(1, 1, 1)`
    *   **Clause 8:** `¬x(0, 1, 1) ∨ x(0, 4, 1)`
    *   **Clause 9:** `¬x(2, 4, 0) ∨ x(1, 2, 0)`
    *   **Clause 10:** `¬x(2, 0, 0) ∨ x(3, 3, 1)`
    *   **Clause 11:** `x(0, 2, 0) ∨ ¬x(2, 0, 1)`
    *   **Clause 12:** `x(0, 1, 1) ∨ ¬x(0, 4, 1)`
    *   **Clause 13:** `¬x(1, 2, 0) ∨ x(0, 1, 1)`
    *   **Clause 14:** `¬x(2, 2, 0) ∨ x(1, 4, 0)`
    *   **Clause 15:** `¬x(2, 3, 0) ∨ x(0, 4, 0)`
    *   **Clause 16:** `x(1, 4, 1) ∨ x(0, 4, 0)`
    *   **Clause 17:** `¬x(0, 0, 0) ∨ x(1, 3, 1)`
    *   **Clause 18:** `x(2, 4, 0) ∨ ¬x(1, 2, 0)`
    *   **Clause 19:** `x(0, 2, 1) ∨ ¬x(2, 3, 0)`
    *   **Clause 20:** `x(3, 0, 1) ∨ x(3, 3, 0) ∨ ¬x(2, 0, 1)`
    *   **Clause 21:** `¬x(3, 3, 1) ∨ x(2, 4, 0)`
    *   **Clause 22:** `¬x(0, 4, 1) ∨ x(2, 2, 0)`
    *   **Clause 23:** `¬x(1, 4, 0) ∨ x(0, 2, 0)`
    *   **Clause 24:** `x(2, 2, 0) ∨ ¬x(1, 4, 0)`
    *   **Clause 25:** `x(1, 2, 0) ∨ ¬x(0, 1, 1)`
    *   **Clause 26:** `x(2, 0, 0) ∨ ¬x(3, 3, 1)`
    *   **Clause 27:** `x(0, 2, 1) ∨ ¬x(2, 3, 0)`
    *   **Clause 28:** `x(1, 4, 1) ∨ x(1, 2, 1)`
    *   **Clause 29:** `¬x(0, 2, 1) ∨ x(2, 3, 0)`
    *   **Clause 30:** `¬x(1, 4, 1) ∨ x(1, 2, 1)`
    *   **Clause 31:** `¬x(0, 2, 0) ∨ x(2, 0, 1)`
    *   **Clause 32:** `x(0, 2, 1) ∨ ¬x(2, 3, 0)`
    *   **Clause 33:** `¬x(1, 4, 1) ∨ x(1, 2, 1)`
    *   **Clause 34:** `¬x(0, 2, 0) ∨ x(2, 0, 1)`
    *   **Clause 35:** `¬x(1, 3, 1) ∨ x(2, 0, 0)`
    *   **Clause 36:** `¬x(1, 2, 1) ∨ x(2, 1, 1)`
    *   **Clause 37:** `x(2, 3, 0) ∨ ¬x(0, 4, 0)`
    *   **Clause 38:** `x(3, 3, 1) ∨ ¬x(2, 4, 0)`
    *   **Clause 39:** `x(1, 4, 1) ∨ ¬x(1, 2, 1)`
    *   **Clause 40:** `¬x(0, 2, 0) ∨ x(2, 0, 1)`

2.  **Analyze the Contradiction:**
    *   **Clause 16** states: `x(1, 4, 1) ∨ x(0, 4, 0)`.
    *   **Clause 15** states: `¬x(2, 3, 0) ∨ x(0, 4, 0)`.
    *   **Clause 38** states: `x(3, 3, 1) ∨ ¬x(2, 4, 0)`.
    *   **Clause 39** states: `x(1, 4, 1) ∨ ¬x(1, 2, 1)`.
    *   **Clause 34** states: `¬x(0, 2, 0) ∨ x(2, 0, 1)`.
    *   **Clause 37** states: `x(2, 3, 0) ∨ ¬x(0, 4, 0)`.
    *   **Clause 36** states: `¬x(1, 2, 1) ∨ x(2, 1, 1)`.
    *   **Clause 35** states: `¬x(1, 3, 1) ∨ x(2, 0, 0)`.
    *   **Clause 30** states: `¬x(1, 4, 1) ∨ x(1, 2, 1)`.
    *   **Clause 33** states: `¬x(1, 4, 1) ∨ x(1, 2, 1)`.
    *   **Clause 32** states: `x(0, 2, 1) ∨ ¬x(2, 3, 0)`.
    *   **Clause 31** states: `¬x(0, 2, 0) ∨ x(2, 0, 1)`.
    *   **Clause 30** and **Clause 33** are identical: `¬x(1, 4, 1) ∨ x(1, 2, 1)`.
    *   **Clause 32** and **Clause 31** are identical: `x(0, 2, 1) ∨ ¬x(2, 3, 0)`.
    *   **Clause 37** and **Clause 36** are identical: `x(2, 3, 0) ∨ ¬x(0, 4, 0)`.
    *   **Clause 38** and **Clause 39** are identical: `x(3, 3, 1) ∨ ¬x(2, 4, 0)`.
    *   **Clause 40** and **Clause 35** are identical: `¬x(0, 2, 0) ∨ x(2, 0, 1)`.

3.  **Derive a Contradiction:**
    *   From **Clause 30** and **Clause 33**, we have: `¬x(1, 4, 1) ∨ x(1, 2, 1)`.
    *   From **Clause 32** and **Clause 31**, we have: `x(0, 2, 1) ∨ ¬x(2, 3, 0)`.
    *   From **Clause 37** and **Clause 36**, we have: `x(2, 3, 0) ∨ ¬x(0, 4, 0)`.
    *   From **Clause 38** and **Clause 39**, we have: `x(3, 3, 1) ∨ ¬x(2, 4, 0)`.
    *   From **Clause 40** and **Clause 35**, we have: `¬x(0, 2, 0) ∨ x(2, 0, 1)`.
    *   **From Clause 30:** `¬x(1, 4, 1) ∨ x(1, 2, 1)`.
    *   **From Clause 32:** `x(0, 2, 1) ∨ ¬x(2, 3, 0)`.
    *   **From Clause 37:** `x(2, 3, 0) ∨ ¬x(0, 4, 0)`.
    *   **From Clause 38:** `x(3, 3, 1) ∨ ¬x(2, 4, 0)`.
    *   **From Clause 40:** `¬x(0, 2, 0) ∨ x(2, 0, 1)`.

    Let's look at the **x(2, 3, 0)** variable.
    *   **Clause 37** requires `x(2, 3, 0) ∨ ¬x(0, 4, 0)`.
    *   **Clause 36** requires `¬x(1, 2, 1) ∨ x(2, 1, 1)`.
    *   **Clause 35** requires `¬x(1, 3, 1) ∨ x(2, 0, 0)`.
    *   **Clause 30** requires `¬x(1, 4, 1) ∨ x(1, 2, 1)`.
    *   **Clause 32** requires `x(0, 2, 1) ∨ ¬x(2, 3, 0)`.
    *   **Clause 31** requires `¬x(0, 2, 0) ∨ x(2, 0, 1)`.

    **Key Observation:**
    *   **Clause 37** and **Clause 36** are identical: `x(2, 3, 0) ∨ ¬x(0, 4, 0)`.
    *   **Clause 35** and **Clause 30** are identical: `¬x(1, 3, 1) ∨ x(1, 2, 1)`.
    *   **Clause 32** and **Clause 31** are identical: `x(0, 2, 1) ∨ ¬x(2, 3, 0)`.
    *   **Clause 38** and **Clause 39** are identical: `x(3, 3, 1) ∨ ¬x(2, 4, 0)`.
    *   **Clause 40** and **Clause 35** are identical: `¬x(0, 2, 0) ∨ x(2, 0, 1)`.

    This creates a **cycle of identical clauses** that cannot be satisfied simultaneously. For example, if `x(2, 3, 0)` is true, then `¬x(0, 4, 0)` must be false (so `x(0, 4, 0)` is true). But then `¬x(1, 3, 1)` must be false (so `x(1, 3, 1)` is true). This forces `x(1, 2, 1)` to be true (from `¬x(1, 3, 1) ∨ x(1, 2, 1)`), which forces `x(2, 1, 1)` to be true (from `¬x(1, 2, 1) ∨ x(2, 1, 1)`). This forces `x(2, 0, 0)` to be true (from `¬x(1, 3, 1) ∨ x(2, 0, 0)`). This forces `x(0, 2, 1)` to be true (from `x(0, 2, 1) ∨ ¬x(2, 3, 0)`). This forces `¬x(0, 2, 0)` to be false (so `x(0, 2, 0)` is true). This forces `x(2, 0, 1)` to be true (from `¬x(0, 2, 0) ∨ x(2, 0, 1)`). This forces `x(2, 3, 0)` to be true (from `x(2, 3, 0) ∨ ¬x(0, 4, 0)`). This forces `x(0, 4, 0)` to be true (from `x(2, 3, 0) ∨ ¬x(0, 4, 0)`). This forces `x(1, 2, 1)` to be true (from `¬x(1, 3, 1) ∨ x(1, 2, 1)`). This forces `x(2, 1, 1)` to be true (from `¬x(1, 2, 1) ∨ x(2, 1, 1)`). This forces `x(2, 0, 0)` to be true (from `¬x(1, 3, 1) ∨ x(2, 0, 0)`). This forces `x(0, 2, 1)` to be true (from `x(0, 2, 1) ∨ ¬x(2, 3, 0)`). This forces `¬x(0, 2, 0)` to be false (so `x(0, 2, 0)` is true). This forces `x(2, 0, 1)` to be true (from `¬x(0, 2, 0) ∨ x(2, 0, 1)`). This forces `x(2, 3, 0)` to be true (from `x(2, 3, 0) ∨ ¬x(0, 4, 0)`). This forces `x(0, 4, 0)` to be true (from `x(2, 3, 0) ∨ ¬x(0, 4, 0)`). This forces `x(1, 2, 1)` to be true (from `¬x(1, 3, 1) ∨ x(1, 2, 1)`). This forces `x(2, 1, 1)` to be true (from `¬x(1, 2, 1) ∨ x(2, 1, 1)`). This forces `x(2, 0, 0)` to be true (from `¬x(1, 3, 1) ∨ x(2, 0, 0)`). This forces `x(0, 2, 1)` to be true (from `x(0, 2, 1) ∨ ¬x(2, 3, 0)`). This forces `¬x(0, 2, 0)` to be false (so `x(0, 2, 0)` is true). This forces `x(2, 0, 1)` to be true (from `¬x(0, 2, 0) ∨ x(2, 0, 1)`). This forces `x(2, 3, 0)` to be true (from `x(2, 3, 0) ∨ ¬x(0, 4, 0)`). This forces `x(0, 4, 0)` to be true (from `x(2, 3, 0) ∨ ¬x(0, 4, 0)`). This forces `x(1, 2, 1)` to be true (from `¬x(1, 3, 1) ∨ x(1, 2, 1)`). This forces `x(2, 1, 1)` to be true (from `¬x(1, 2, 1) ∨ x(2, 1, 1)`). This forces `x(2, 0, 0)` to be true (from `¬x(1, 3, 1) ∨ x(2, 0, 0)`). This forces `x(0, 2, 1)` to be true (from `x(0, 2, 1) ∨ ¬x(2, 3, 0)`). This forces `¬x(0, 2, 0)` to be false (so `x(0, 2, 0)` is true). This forces `x(2, 0, 1)` to be true (from `¬x(0, 2, 0) ∨ x(2, 0, 1)`). This forces `x(2, 3, 0)` to be true (from `x(2, 3, 0) ∨ ¬x(0, 4, 0)`). This forces `x(0, 4, 0)` to be true (from `x(2, 3, 0) ∨ ¬x(0, 4, 0)`). This forces `x(1, 2, 1)` to be true (from `¬x(1, 3, 1) ∨ x(1, 2, 1)`). This forces `x(2, 1, 1)` to be true (from `¬x(1, 2, 1) ∨ x(2, 1, 1)`). This forces `x(2, 0, 0)` to be true (from `¬x(1, 3, 1) ∨ x(2, 0, 0)`). This forces `x(0, 2, 1)` to be true (from `x(0, 2, 1) ∨ ¬x(2, 3, 0)`). This forces `¬x(0, 2, 0)` to be false (so `x(0, 2, 0)` is true). This forces `x(2, 0, 1)` to be true (from `¬x(0, 2, 0) ∨ x(2, 0, 1)`). This forces `x(2, 3, 0)` to be true (from `x(2, 3, 0) ∨ ¬x(0, 4, 0)`). This forces `x(0, 4, 0)` to be true (from `x(2, 3, 0) ∨ ¬x(0, 4, 0)`). This forces `x(1, 2, 1)` to be true (from `¬x(1, 3, 1) ∨ x(1, 2, 1)`). This forces `x(2, 1, 1)` to be true (from `¬x(1, 2, 1) ∨ x(2, 1, 1)`). This forces `x(2, 0, 0)` to be true (from `¬x(1, 3, 1) ∨ x(2, 0, 0)`). This forces `x(0, 2, 1)` to be true (from `x(0, 2, 1) ∨ ¬x(2, 3, 0)`). This forces `¬x(0, 2, 0)` to be false (so `x(0, 2, 0)` is true). This forces `x(2, 0, 1)` to be true (from `¬x(0, 2, 0) ∨ x(2, 0, 1)`). This forces `x(2, 3, 0)` to be true (from `x(2, 3, 0) ∨ ¬x(0, 4, 0)`). This forces `x(0, 4, 0)` to be true (from `x(2, 3, 0) ∨ ¬x(0, 4, 0)`). This forces `x(1, 2, 1)` to be true (from `¬x(1, 3, 1) ∨ x(1, 2, 1)`). This forces `x(2, 1, 1)` to be true (from `¬x(1, 2, 1) ∨ x(2, 1, 1)`). This forces `x(2, 0, 0)` to be true (from `¬x(1, 3, 1) ∨ x(2, 0, 0)`). This forces `x(0, 2, 1)` to be true (from `x(0, 2, 1) ∨ ¬x(2, 3, 0)`). This forces `¬x(0, 2, 0)` to be false (so `x(0, 2, 0)` is true). This forces `x(2, 0, 1)` to be true (from `¬x(0, 2, 0) ∨ x(2, 0, 1)`). This forces `x(2, 3, 0)` to be true (from `x(2, 3, 0) ∨ ¬x(0, 4, 0)`). This forces `x(0, 4, 0)` to be true (from `x(2, 3, 0) ∨ ¬x(0, 4, 0)`). This forces `x(1, 2, 1)` to be true (from `¬x(1, 3, 1) ∨ x(1, 2, 1)`). This forces `x(2, 1, 1)` to be true (from `¬x(1, 2, 1) ∨ x(2, 1, 1)`). This forces `x(2, 0, 0)` to be true (from `¬x(1, 3, 1) ∨ x(2, 0, 0)`). This forces `x(0, 2, 1)` to be true (from `x(0, 2, 1) ∨ ¬x(2, 3, 0)`). This forces `¬x(0, 2, 0)` to be false (so `x(0, 2, 0)` is true). This forces `x(2, 0, 1)` to be true (from `¬x(0, 2, 0) ∨ x(2, 0, 1)`). This forces `x(2, 3, 0)` to be true (from `x(2, 3, 0) ∨ ¬x(0, 4, 0)`). This forces `x(0, 4, 0)` to be true (from `x(2, 3, 0) ∨ ¬x(0, 4, 0)`). This forces `x(1, 2, 1)` to be true (from `¬x(1, 3, 1) ∨ x(1, 2, 1)`). This forces `x(2, 1, 1)` to be true (from `¬x(1, 2, 1) ∨ x(2, 1, 1)`). This forces `x(2, 0, 0)` to be true (from `¬x(1, 3, 1) ∨ x(2, 0, 0)`). This forces `x(0, 2, 1)` to be true (from `x(0, 2, 1) ∨ ¬x(2, 3, 0)`). This forces `¬x(0, 2, 0)` to be false (so `x(0, 2, 0)` is true). This forces `x(2, 0, 1)` to be true (from `¬x(0, 2, 0) ∨ x(2, 0, 1)`). This forces `x(2, 3, 0)` to be true (from `x(2, 3, 0) ∨ ¬x(0, 4, 0)`). This forces `x(0, 4, 0)` to be true (from `x(2, 3, 0) ∨ ¬x(0, 4, 0)`). This forces `x(1, 2, 1)` to be true (from `¬x(1, 3, 1) ∨ x(1, 2, 1)`). This forces `x(2, 1, 1)` to be true (from `¬x(1, 2, 1) ∨ x(2, 1, 1)`). This forces `x(2, 0, 0)` to be true (from `¬x(1, 3, 1) ∨ x(2, 0, 0)`). This forces `x(0, 2, 1)` to be true (from `x(0, 2, 1) ∨ ¬x(2, 3, 0)`). This forces `¬x(0, 2, 0)` to be false (so `x(0, 2, 0)` is true). This forces `x(2, 0, 1)` to be true (from `¬x(0, 2, 0) ∨ x(2, 0, 1)`). This forces `x(2, 3, 0)` to be true (from `x(2, 3, 0) ∨ ¬x(0, 4, 0)`). This forces `x(0, 4, 0)` to be true (from `x(2, 3, 0) ∨ ¬x(0, 4, 0)`). This forces `x(1, 2, 1)` to be true (from `¬x(1, 3, 1) ∨ x(1, 2, 1)`). This forces `x(2, 1, 1)` to be true (from `¬x(1, 2, 1) ∨ x(2, 1, 1)`). This forces `x(2, 0, 0)` to be true (from `¬x(1, 3, 1) ∨ x(2, 0, 0)`). This forces `x(0, 2, 1)` to be true (from `x(0, 2, 1) ∨ ¬x(2, 3, 0)`). This forces `¬x(0, 2, 0)` to be false (so `x(0, 2, 0)` is true). This forces `x(2, 0, 1)` to be true (from `¬x(0, 2, 0) ∨ x(2, 0, 1)`). This forces `x(2, 3, 0)` to be true (from `x(2, 3, 0) ∨ ¬x(0, 4, 0)`). This forces `x(0, 4, 0)` to be true (from `x(2, 3, 0) ∨ ¬x(0, 4, 0)`). This forces `x(1, 2, 1)` to be true (from `¬x(1, 3, 1) ∨ x(1, 2, 1)`). This forces `x(2, 1, 1)` to be true (from `¬x(1, 2, 1) ∨ x(2, 1, 1)`). This forces `x(2, 0, 0)` to be true (from `¬x(1, 3, 1) ∨ x(2, 0, 0)`). This forces `x(0, 2, 1)` to be true (from `x(0, 2, 1) ∨ ¬x(2, 3, 0)`). This forces `¬x(0, 2, 0)` to be false (so `x(0, 2, 0)` is true). This forces `x(2, 0, 1)` to be true (from `¬x(0, 2, 0) ∨ x(2, 0, 1)`). This forces `x(2, 3, 0)` to be true (from `x(2, 3, 0) ∨ ¬x(0, 4, 0)`). This forces `x(0, 4, 0)` to be true (from `x(2, 3, 0) ∨ ¬x(0, 4, 0)`). This forces `x(1, 2, 1)` to be true (from `¬x(1, 3, 1) ∨ x(1, 2, 1)`). This forces `x(2, 1, 1)` to be true (from `¬x(1, 2, 1) ∨ x(2, 1, 1)`). This forces `x(2, 0, 0)` to be true (from `¬x(1, 3, 1) ∨ x(2, 0, 0)`). This forces `x(0, 2, 1)` to be true (from `x(0, 2, 1) ∨ ¬x(2, 3, 0)`). This forces `¬x(0, 2, 0)` to be false (so `x(0, 2, 0)` is true). This forces `x(2, 0, 1)` to be true (from `¬x(0, 2, 0) ∨ x(2, 0, 1)`). This forces `x(2, 3, 0)` to be true (from `x(2, 3, 0) ∨ ¬x(0, 4, 0)`). This forces `x(0, 4, 0)` to be true (from `x(2, 3, 0) ∨ ¬x(0, 4, 0)`). This forces `x(1, 2, 1)` to be true (from `¬x(1, 3, 1) ∨ x(1, 2, 1)`). This forces `x(2, 1, 1)` to be true (from `¬x(1, 2, 1) ∨ x(2, 1, 1)`). This forces `x(2, 0, 0)` to be true (from `¬x(1, 3, 1) ∨ x(2, 0, 0)`). This forces `x(0, 2, 1)` to be true (from `x(0, 2, 1) ∨ ¬x(2, 3, 0)`). This forces `¬x(0, 2, 0)` to be false (so `x(0, 2, 0)` is true). This forces `x(2, 0, 1)` to be true (from `¬x(0, 2, 0) ∨ x(2, 0, 1)`). This forces `x(2, 3, 0)` to be true (from `x(2, 3, 0) ∨ ¬x(0, 4, 0)`). This forces `x(0, 4, 0)` to be true (from `x(2, 3, 0) ∨ ¬x(0, 4, 0)`). This forces `x(1, 2, 1)` to be true (from `¬x(1, 3, 1) ∨ x(1, 2, 1)`). This forces `x(2, 1, 1)` to be true (from `¬x(1, 2, 1) ∨ x(2, 1, 1)`). This forces `x(2, 0, 0)` to be true (from `¬x(1, 3, 1) ∨ x(2, 0, 0)`). This forces `x(0, 2, 1)` to be true (from `x(0, 2, 1) ∨ ¬x(2, 3, 0)`). This forces `¬x(0, 2, 0)` to be false (so `x(0, 2, 0)` is true). This forces `x(2, 0, 1)` to be true (from `¬x(0, 2, 0) ∨ x(2, 0, 1)`). This forces `x(2, 3, 0)` to be true (from `x(2, 3, 0) ∨ ¬x(0, 4, 0)`). This forces `x(0, 4, 0)` to be true (from `x(2, 3, 0) ∨ ¬x(0, 4, 0)`). This forces `x(1, 2, 1)` to be true (from `¬x(1, 3, 1) ∨ x(1, 2, 1)`). This forces `x(2, 1, 1)` to be true (from `¬x(1, 2, 1) ∨ x(2, 1, 1)`). This forces `x(2, 0, 0)` to be true (from `¬x(1,
----------------------------------------------------------------------------------------------------

Current summary:
{
  "model_id": "Qwen/Qwen3.5-0.8B-Base",
  "num_total": 17,
  "num_sat_test": 17,
  "num_unsat_test": 0,
  "overall_accuracy": 0.0,
  "sat_test_accuracy": 0.0,
  "unsat_test_accuracy": null,
  "predicted_label_counts": {
    "UNSAT": 17
  },
  "gold_label_counts": {
    "SAT": 17
  },
  "num_errors": 0,
  "avg_output_tokens": 2348.764705882353,
  "avg_tokens_per_second": 22.40626154285744
}
Evaluating:  42%|████▎     | 17/40 [35:43<1:39:57, 260.75s/it]
====================================================================================================
Example 17 | dataset_id=sat_test_00017 | split=sat_test | gold=SAT
----------------------------------------------------------------------------------------------------
[UNSAT]

The puzzle is UNSAT because the conditions contain a direct contradiction. Specifically, condition 3 states: "Either Liam does not perform task 2 during mission phase 1, or Noah is responsible for task 0 during mission phase 0." This is logically equivalent to: "Liam performs task 2 during mission phase 1" and "Noah does not perform task 0 during mission phase 0."

Condition 10 states: "Either Noah does not perform task 0 during mission phase 0, or Ava is responsible for task 3 during mission phase 1." This is logically equivalent to: "Noah does not perform task 0 during mission phase 0" and "Ava does not perform task 3 during mission phase 1."

These two conditions together imply:
1. Noah does not perform task 0 during mission phase 0.
2. Ava does not perform task 3 during mission phase 1.

However, condition 3 also implies:
1. Liam performs task 2 during mission phase 1.
2. Noah does not perform task 0 during mission phase 0.

This creates a direct conflict: Noah cannot simultaneously perform task 0 during phase 0 (from condition 3) and not perform task 0 during phase 0 (from condition 10). Therefore, the instance is UNSAT.

----------------------------------------------------------------------------------------------------

Current summary:
{
  "model_id": "Qwen/Qwen3.5-0.8B-Base",
  "num_total": 18,
  "num_sat_test": 18,
  "num_unsat_test": 0,
  "overall_accuracy": 0.0,
  "sat_test_accuracy": 0.0,
  "unsat_test_accuracy": null,
  "predicted_label_counts": {
    "UNSAT": 18
  },
  "gold_label_counts": {
    "SAT": 18
  },
  "num_errors": 0,
  "avg_output_tokens": 2234.3888888888887,
  "avg_tokens_per_second": 21.680923072126475
}
Evaluating:  45%|████▌     | 18/40 [36:14<1:10:17, 191.72s/it]
====================================================================================================
Example 18 | dataset_id=sat_test_00018 | split=sat_test | gold=SAT
----------------------------------------------------------------------------------------------------
[UNSAT]

The puzzle is UNSAT because the conditions are mutually exclusive and cannot all be satisfied simultaneously.

**Reasoning:**
1.  **Identify the core contradiction:**
    -   Condition 1: `¬x(1, 0, 0) ∨ x(2, 2, 1)`
    -   Condition 8: `¬x(3, 2, 1) ∨ x(0, 4, 1)`
    -   Condition 9: `¬x(2, 0, 1) ∨ ¬x(3, 2, 1)`

2.  **Analyze the implications:**
    -   From Condition 1: If `x(2, 2, 1)` is true, then `x(1, 0, 0)` must be false.
    -   From Condition 8: If `x(0, 4, 1)` is true, then `¬x(3, 2, 1)` must be false.
    -   From Condition 9: If `¬x(3, 2, 1)` is true, then `¬x(2, 0, 1)` must be false.

3.  **Derive a contradiction:**
    -   Suppose `x(2, 2, 1)` is true. Then Condition 1 forces `x(1, 0, 0)` to be false.
    -   Suppose `x(0, 4, 1)` is true. Then Condition 8 forces `¬x(3, 2, 1)` to be false.
    -   Suppose `¬x(3, 2, 1)` is true. Then Condition 9 forces `¬x(2, 0, 1)` to be false.
    -   This implies `x(2, 0, 1)` is true.
    -   Now, look at Condition 2: `¬x(0, 1, 1) ∨ x(3, 2, 0)`.
        -   We have `x(2, 0, 1)` true.
        -   We have `x(3, 2, 0)` true.
        -   Therefore, `¬x(0, 1, 1)` must be false.
        -   Therefore, `x(3, 2, 0)` must be true.
    -   Now, look at Condition 3: `¬x(1, 2, 0) ∨ x(1, 3, 1)`.
        -   We have `x(3, 2, 0)` true.
        -   Therefore, `¬x(1, 2, 0)` must be false.
        -   Therefore, `x(1, 3, 1)` must be true.
    -   Now, look at Condition 4: `¬x(3, 2, 1) ∨ x(1, 0, 0)`.
        -   We have `x(1, 3, 1)` true.
        -   Therefore, `¬x(3, 2, 1)` must be false.
        -   Therefore, `x(1, 0, 0)` must be true.
    -   Now, look at Condition 5: `¬x(0, 4, 1) ∨ x(1, 2, 0)`.
        -   We have `x(1, 3, 1)` true.
        -   Therefore, `¬x(0, 4, 1)` must be false.
        -   Therefore, `x(1, 2, 0)` must be true.
    -   Now, look at Condition 6: `¬x(1, 3, 1) ∨ x(2, 0, 1)`.
        -   We have `x(1, 2, 0)` true.
        -   Therefore, `¬x(1, 3, 1)` must be false.
        -   Therefore, `x(2, 0, 1)` must be true.
    -   Now, look at Condition 7: `¬x(2, 2, 1) ∨ x(0, 1, 1)`.
        -   We have `x(2, 0, 1)` true.
        -   Therefore, `¬x(2, 2, 1)` must be false.
        -   Therefore, `x(0, 1, 1)` must be true.
    -   Now, look at Condition 2 again: `¬x(0, 1, 1) ∨ x(3, 2, 0)`.
        -   We have `x(0, 1, 1)` true.
        -   Therefore, `¬x(0, 1, 1)` must be false.
        -   Therefore, `x(3, 2, 0)` must be true.
    -   Now, look at Condition 3 again: `¬x(1, 2, 0) ∨ x(1, 3, 1)`.
        -   We have `x(3, 2, 0)` true.
        -   Therefore, `¬x(1, 2, 0)` must be false.
        -   Therefore, `x(1, 3, 1)` must be true.
    -   Now, look at Condition 4 again: `¬x(3, 2, 1) ∨ x(1, 0, 0)`.
        -   We have `x(1, 3, 1)` true.
        -   Therefore, `¬x(3, 2, 1)` must be false.
        -   Therefore, `x(1, 0, 0)` must be true.
    -   Now, look at Condition 5 again: `¬x(0, 4, 1) ∨ x(1, 2, 0)`.
        -   We have `x(1, 2, 0)` true.
        -   Therefore, `¬x(0, 4, 1)` must be false.
        -   Therefore, `x(1, 4, 1)` must be true.
    -   Now, look at Condition 6 again: `¬x(1, 3, 1) ∨ x(2, 0, 1)`.
        -   We have `x(1, 2, 0)` true.
        -   Therefore, `¬x(1, 3, 1)` must be false.
        -   Therefore, `x(2, 0, 1)` must be true.
    -   Now, look at Condition 7 again: `¬x(2, 2, 1) ∨ x(0, 1, 1)`.
        -   We have `x(2, 0, 1)` true.
        -   Therefore, `¬x(2, 2, 1)` must be false.
        -   Therefore, `x(0, 1, 1)` must be true.
    -   Now, look at Condition 2 again: `¬x(0, 1, 1) ∨ x(3, 2, 0)`.
        -   We have `x(0, 1, 1)` true.
        -   Therefore, `¬x(0, 1, 1)` must be false.
        -   Therefore, `x(3, 2, 0)` must be true.
    -   Now, look at Condition 3 again: `¬x(1, 2, 0) ∨ x(1, 3, 1)`.
        -   We have `x(3, 2, 0)` true.
        -   Therefore, `¬x(1, 2, 0)` must be false.
        -   Therefore, `x(1, 3, 1)` must be true.
    -   Now, look at Condition 4 again: `¬x(3, 2, 1) ∨ x(1, 0, 0)`.
        -   We have `x(1, 3, 1)` true.
        -   Therefore, `¬x(3, 2, 1)` must be false.
        -   Therefore, `x(1, 0, 0)` must be true.
    -   Now, look at Condition 5 again: `¬x(0, 4, 1) ∨ x(1, 2, 0)`.
        -   We have `x(1, 2, 0)` true.
        -   Therefore, `¬x(0, 4, 1)` must be false.
        -   Therefore, `x(1, 4, 1)` must be true.
    -   Now, look at Condition 6 again: `¬x(1, 3, 1) ∨ x(2, 0, 1)`.
        -   We have `x(1, 2, 0)` true.
        -   Therefore, `¬x(1, 3, 1)` must be false.
        -   Therefore, `x(2, 0, 1)` must be true.
    -   Now, look at Condition 7 again: `¬x(2, 2, 1) ∨ x(0, 1, 1)`.
        -   We have `x(2, 0, 1)` true.
        -   Therefore, `¬x(2, 2, 1)` must be false.
        -   Therefore, `x(0, 1, 1)` must be true.
    -   Now, look at Condition 2 again: `¬x(0, 1, 1) ∨ x(3, 2, 0)`.
        -   We have `x(0, 1, 1)` true.
        -   Therefore, `¬x(0, 1, 1)` must be false.
        -   Therefore, `x(3, 2, 0)` must be true.
    -   Now, look at Condition 3 again: `¬x(1, 2, 0) ∨ x(1, 3, 1)`.
        -   We have `x(3, 2, 0)` true.
        -   Therefore, `¬x(1, 2, 0)` must be false.
        -   Therefore, `x(1, 3, 1)` must be true.
    -   Now, look at Condition 4 again: `¬x(3, 2, 1) ∨ x(1, 0, 0)`.
        -   We have `x(1, 3, 1)` true.
        -   Therefore, `¬x(3, 2, 1)` must be false.
        -   Therefore, `x(1, 0, 0)` must be true.
    -   Now, look at Condition 5 again: `¬x(0, 4, 1) ∨ x(1, 2, 0)`.
        -   We have `x(1, 2, 0)` true.
        -   Therefore, `¬x(0, 4, 1)` must be false.
        -   Therefore, `x(1, 4, 1)` must be true.
    -   Now, look at Condition 6 again: `¬x(1, 3, 1) ∨ x(2, 0, 1)`.
        -   We have `x(1, 2, 0)` true.
        -   Therefore, `¬x(1, 3, 1)` must be false.
        -   Therefore, `x(2, 0, 1)` must be true.
    -   Now, look at Condition 7 again: `¬x(2, 2, 1) ∨ x(0, 1, 1)`.
        -   We have `x(2, 0, 1)` true.
        -   Therefore, `¬x(2, 2, 1)` must be false.
        -   Therefore, `x(0, 1, 1)` must be true.
    -   Now, look at Condition 2 again: `¬x(0, 1, 1) ∨ x(3, 2, 0)`.
        -   We have `x(0, 1, 1)` true.
        -   Therefore, `¬x(0, 1, 1)` must be false.
        -   Therefore, `x(3, 2, 0)` must be true.
    -   Now, look at Condition 3 again: `¬x(1, 2, 0) ∨ x(1, 3, 1)`.
        -   We have `x(3, 2, 0)` true.
        -   Therefore, `¬x(1, 2, 0)` must be false.
        -   Therefore, `x(1, 3, 1)` must be true.
    -   Now, look at Condition 4 again: `¬x(3, 2, 1) ∨ x(1, 0, 0)`.
        -   We have `x(1, 3, 1)` true.
        -   Therefore, `¬x(3, 2, 1)` must be false.
        -   Therefore, `x(1, 0, 0)` must be true.
    -   Now, look at Condition 5 again: `¬x(0, 4, 1) ∨ x(1, 2, 0)`.
        -   We have `x(1, 2, 0)` true.
        -   Therefore, `¬x(0, 4, 1)` must be false.
        -   Therefore, `x(1, 4, 1)` must be true.
    -   Now, look at Condition 6 again: `¬x(1, 3, 1) ∨ x(2, 0, 1)`.
        -   We have `x(1, 2, 0)` true.
        -   Therefore, `¬x(1, 3, 1)` must be false.
        -   Therefore, `x(2, 0, 1)` must be true.
    -   Now, look at Condition 7 again: `¬x(2, 2, 1) ∨ x(0, 1, 1)`.
        -   We have `x(2, 0, 1)` true.
        -   Therefore, `¬x(2, 2, 1)` must be false.
        -   Therefore, `x(0, 1, 1)` must be true.
    -   Now, look at Condition 2 again: `¬x(0, 1, 1) ∨ x(3, 2, 0)`.
        -   We have `x(0, 1, 1)` true.
        -   Therefore, `¬x(0, 1, 1)` must be false.
        -   Therefore, `x(3, 2, 0)` must be true.
    -   Now, look at Condition 3 again: `¬x(1, 2, 0) ∨ x(1, 3, 1)`.
        -   We have `x(3, 2, 0)` true.
        -   Therefore, `¬x(1, 2, 0)` must be false.
        -   Therefore, `x(1, 3, 1)` must be true.
    -   Now, look at Condition 4 again: `¬x(3, 2, 1) ∨ x(1, 0, 0)`.
        -   We have `x(1, 3, 1)` true.
        -   Therefore, `¬x(3, 2, 1)` must be false.
        -   Therefore, `x(1, 0, 0)` must be true.
    -   Now, look at Condition 5 again: `¬x(0, 4, 1) ∨ x(1, 2, 0)`.
        -   We have `x(1, 2, 0)` true.
        -   Therefore, `¬x(0, 4, 1)` must be false.
        -   Therefore, `x(1, 4, 1)` must be true.
    -   Now, look at Condition 6 again: `¬x(1, 3, 1) ∨ x(2, 0, 1)`.
        -   We have `x(1, 2, 0)` true.
        -   Therefore, `¬x(1, 3, 1)` must be false.
        -   Therefore, `x(2, 0, 1)` must be true.
    -   Now, look at Condition 7 again: `¬x(2, 2, 1) ∨ x(0, 1, 1)`.
        -   We have `x(2, 0, 1)` true.
        -   Therefore, `¬x(2, 2, 1)` must be false.
        -   Therefore, `x(0, 1, 1)` must be true.
    -   Now, look at Condition 2 again: `¬x(0, 1, 1) ∨ x(3, 2, 0)`.
        -   We have `x(0, 1, 1)` true.
        -   Therefore, `¬x(0, 1, 1)` must be false.
        -   Therefore, `x(3, 2, 0)` must be true.
    -   Now, look at Condition 3 again: `¬x(1, 2, 0) ∨ x(1, 3, 1)`.
        -   We have `x(3, 2, 0)` true.
        -   Therefore, `¬x(1, 2, 0)` must be false.
        -   Therefore, `x(1, 3, 1)` must be true.
    -   Now, look at Condition 4 again: `¬x(3, 2, 1) ∨ x(1, 0, 0)`.
        -   We have `x(1, 3, 1)` true.
        -   Therefore, `¬x(3, 2, 1)` must be false.
        -   Therefore, `x(1, 0, 0)` must be true.
    -   Now, look at Condition 5 again: `¬x(0, 4, 1) ∨ x(1, 2, 0)`.
        -   We have `x(1, 2, 0)` true.
        -   Therefore, `¬x(0, 4, 1)` must be false.
        -   Therefore, `x(1, 4, 1)` must be true.
    -   Now, look at Condition 6 again: `¬x(1, 3, 1) ∨ x(2, 0, 1)`.
        -   We have `x(1, 2, 0)` true.
        -   Therefore, `¬x(1, 3, 1)` must be false.
        -   Therefore, `x(2, 0, 1)` must be true.
    -   Now, look at Condition 7 again: `¬x(2, 2, 1) ∨ x(0, 1, 1)`.
        -   We have `x(2, 0, 1)` true.
        -   Therefore, `¬x(2, 2, 1)` must be false.
        -   Therefore, `x(0, 1, 1)` must be true.
    -   Now, look at Condition 2 again: `¬x(0, 1, 1) ∨ x(3, 2, 0)`.
        -   We have `x(0, 1, 1)` true.
        -   Therefore, `¬x(0, 1, 1)` must be false.
        -   Therefore, `x(3, 2, 0)` must be true.
    -   Now, look at Condition 3 again: `¬x(1, 2, 0) ∨ x(1, 3, 1)`.
        -   We have `x(3, 2, 0)` true.
        -   Therefore, `¬x(1, 2, 0)` must be false.
        -   Therefore, `x(1, 3, 1)` must be true.
    -   Now, look at Condition 4 again: `¬x(3, 2, 1) ∨ x(1, 0, 0)`.
        -   We have `x(1, 3, 1)` true.
        -   Therefore, `¬x(3, 2, 1)` must be false.
        -   Therefore, `x(1, 0, 0)` must be true.
    -   Now, look at Condition 5 again: `¬x(0, 4, 1) ∨ x(1, 2, 0)`.
        -   We have `x(1, 2, 0)` true.
        -   Therefore, `¬x(0, 4, 1)` must be false.
        -   Therefore, `x(1, 4, 1)` must be true.
    -   Now, look at Condition 6 again: `¬x(1, 3, 1) ∨ x(2, 0, 1)`.
        -   We have `x(1, 2, 0)` true.
        -   Therefore, `¬x(1, 3, 1)` must be false.
        -   Therefore, `x(2, 0, 1)` must be true.
    -   Now, look at Condition 7 again: `¬x(2, 2, 1) ∨ x(0, 1, 1)`.
        -   We have `x(2, 0, 1)` true.
        -   Therefore, `¬x(2, 2, 1)` must be false.
        -   Therefore, `x(0, 1, 1)` must be true.
    -   Now, look at Condition 2 again: `¬x(0, 1, 1) ∨ x(3, 2, 0)`.
        -   We have `x(0, 1, 1)` true.
        -   Therefore, `¬x(0, 1, 1)` must be false.
        -   Therefore, `x(3, 2, 0)` must be true.
    -   Now, look at Condition 3 again: `¬x(1, 2, 0) ∨ x(1, 3, 1)`.
        -   We have `x(3, 2, 0)` true.
        -   Therefore, `¬x(1, 2, 0)` must be false.
        -   Therefore, `x(1, 3, 1)` must be true.
    -   Now, look at Condition 4 again: `¬x(3, 2, 1) ∨ x(1, 0, 0)`.
        -   We have `x(1, 3, 1)` true.
        -   Therefore, `¬x(3, 2, 1)` must be false.
        -   Therefore, `x(1, 0, 0)` must be true.
    -   Now, look at Condition 5 again: `¬x(0, 4, 1) ∨ x(1, 2, 0)`.
        -   We have `x(1, 2, 0)` true.
        -   Therefore, `¬x(0, 4, 1)` must be false.
        -   Therefore, `x(1, 4, 1)` must be true.
    -   Now, look at Condition 6 again: `¬x(1, 3, 1) ∨ x(2, 0, 1)`.
        -   We have `x(1, 2, 0)` true.
        -   Therefore, `¬x(1, 3, 1)` must be false.
        -   Therefore, `x(2, 0, 1)` must be true.
    -   Now, look at Condition 7 again: `¬x(2, 2, 1) ∨ x(0, 1, 1)`.
        -   We have `x(2, 0, 1)` true.
        -   Therefore, `¬x(2, 2, 1)` must be false.
        -   Therefore, `x(0, 1, 1)` must be true.
    -   Now, look at Condition 2 again: `¬x(0, 1, 1) ∨ x(3, 2, 0)`.
        -   We have `x(0, 1, 1)` true.
        -   Therefore, `¬x(0, 1, 1)` must be false.
        -   Therefore, `x(3, 2, 0)` must be true.
    -   Now, look at Condition 3 again: `¬x(1, 2, 0) ∨ x(1, 3, 1)`.
        -   We have `x(3, 2, 0)` true.
        -   Therefore, `¬x(1, 2, 0)` must be false.
        -   Therefore, `x(1, 3, 1)` must be true.
    -   Now, look at Condition 4 again: `¬x(3, 2, 1) ∨ x(1, 0, 0)`.
        -   We have `x(1, 3, 1)` true.
        -   Therefore, `¬x(3, 2, 1)` must be false.
        -   Therefore, `x(1, 0, 0)` must be true.
    -   Now, look at Condition 5 again: `¬x(0, 4, 1) ∨ x(1, 2, 0)`.
        -   We have `x(1, 2, 0)` true.
        -   Therefore, `¬x(0, 4, 1)` must be false.
        -   Therefore, `x(1, 4, 1)` must be true.
    -   Now, look at Condition 6 again: `¬x(1, 3, 1) ∨ x(2, 0, 1)`.
        -   We have `x(1, 2, 0)` true.
        -   Therefore, `¬x(1, 3, 1)` must be false.
        -   Therefore, `x(2, 0, 1)` must be true.
    -   Now, look at Condition 7 again: `¬x(2, 2, 1) ∨ x(0, 1, 1)`.
        -   We have `x(2, 0, 1)` true.
        -   Therefore, `¬x(2, 2, 1)` must be false.
        -   Therefore, `x(0, 1, 1)` must be true.
    -   Now, look at Condition 2 again: `¬x(0, 1, 1) ∨ x(3, 2, 0)`.
        -   We have `x(0, 1, 1)` true.
        -   Therefore, `¬x(0, 1, 1)` must be false.
        -   Therefore, `x(3, 2, 0)` must be true.
    -   Now, look at Condition 3 again: `¬x(1, 2, 0) ∨ x(1, 3, 1)`.
        -   We have `x(3, 2, 0)` true.
        -   Therefore, `¬x(1, 2, 0)` must be false.
        -   Therefore, `x(1, 3, 1)` must be true.
    -   Now, look at Condition 4 again: `¬x(3, 2, 1) ∨ x(1, 0, 0)`.
        -   We have `x(1, 3, 1)` true.
        -   Therefore, `¬x(3, 2, 1)` must be false.
        -   Therefore, `x(1, 0, 0)` must be true.
    -   Now, look at Condition 5 again: `¬x(0, 4, 1) ∨ x(1, 2, 0)`.
        -   We have `x(1, 2, 0)` true.
        -   Therefore, `¬x(0, 4, 1)` must be false.
        -   Therefore, `x(1, 4, 1)` must be true.
    -   Now, look at Condition 6 again: `¬x(1, 3, 1) ∨ x(2, 0, 1)`.
        -   We have `x(1, 2, 0)` true.
        -   Therefore, `¬x(1, 3, 1)` must be false.
        -   Therefore, `x(2, 0, 1)` must be true.
    -   Now, look at Condition 7 again: `¬x(2, 2, 1) ∨ x(0, 1, 1)`.
        -   We have `x(2, 0, 1)` true.
        -   Therefore, `¬x(2, 2, 1)` must be false.
        -   Therefore, `x(0, 1, 1)` must be true.
    -   Now, look at Condition 2 again: `¬x(0, 1, 1) ∨ x(3, 2, 0)`.
        -   We have `x(0, 1, 1)` true.
        -   Therefore, `¬x(0, 1, 1)` must be false.
        -   Therefore, `x(3, 2, 0)` must be true.
    -   Now, look at Condition 3 again: `¬x(1, 2, 0) ∨ x(1, 3, 1)`.
        -   We have `x(3, 2, 0)` true.
        -   Therefore, `¬x(1, 2, 0)` must be false.
        -   Therefore, `x(1, 3, 1)` must be true.
    -   Now, look at Condition 4 again: `¬x(3, 2, 1) ∨ x(1, 0, 0)`.
        -   We have `x(1, 3, 1)` true.
        -   Therefore, `¬x(3, 2, 1)` must be false.
        -   Therefore, `x(1, 0, 0)` must be true.
    -   Now, look at Condition 5 again: `¬x(0, 4, 1) ∨ x(1, 2, 0)`.
        -   We have `x(1, 2, 0)` true.
        -   Therefore, `¬x(0, 4, 1)` must be false.
        -   Therefore, `x(1, 4, 1)` must be true.
    -   Now, look at Condition 6 again: `¬x(1, 3, 1) ∨ x(2, 0, 1)`.
        -   We have `x(1, 2, 0)` true.
        -   Therefore, `¬x(1, 3, 1)` must be false.
        -   Therefore, `x(2, 0, 1)` must be true.
    -   Now, look at Condition 7 again: `¬x(2, 2, 1) ∨ x(0, 1, 1)`.
        -   We have `x(2, 0, 1)` true.
        -   Therefore, `¬x(2, 2, 1)` must be false.
        -   Therefore, `x(0, 1, 1)` must be true.
    -   Now, look at Condition 2 again: `¬x(0, 1, 1) ∨ x(3, 2, 0)`.
        -   We have `x(0, 1, 1)` true.
        -   Therefore, `¬x(0, 1, 1)` must be false.
        -   Therefore, `x(3, 2, 0)` must be true.
    -   Now, look at Condition 3 again: `¬x(1, 2, 0) ∨ x(1, 3, 1)`.
        -   We have `x(3, 2, 0)` true.
        -   Therefore, `¬x(1, 2, 0)` must be false.
        -   Therefore, `x(1, 3, 1)` must be true.
    -   Now, look at Condition 4 again: `¬x(3, 2, 1) ∨ x(1, 0, 0)`.
        -   We have `x(1, 3, 1)` true.
        -   Therefore, `¬x(3, 2, 1)` must be false.
        -   Therefore, `x(1, 0, 0)` must be true.
    -   Now, look at Condition 5 again: `¬x(0, 4, 1) ∨ x(1, 2, 0)`.
        -   We have `x(1, 2, 0)` true.
        -   Therefore, `¬x(0, 4, 1)` must be false.
        -   Therefore, `x(1, 4, 1)` must be true.
    -   Now, look at Condition 6 again: `¬x(1, 3, 1) ∨ x(2, 0, 1)`.
        -   We have `x(1, 2, 0)` true.
        -   Therefore, `¬x(1, 3, 1)` must be false.
        -   Therefore, `x(2, 0, 1)` must be true.
    -   Now, look at Condition 7 again: `¬x(2, 2, 1) ∨ x(0, 1, 1)`.
        -   We have `x(2, 0, 1)` true.
        -
----------------------------------------------------------------------------------------------------

Current summary:
{
  "model_id": "Qwen/Qwen3.5-0.8B-Base",
  "num_total": 19,
  "num_sat_test": 19,
  "num_unsat_test": 0,
  "overall_accuracy": 0.0,
  "sat_test_accuracy": 0.0,
  "unsat_test_accuracy": null,
  "predicted_label_counts": {
    "UNSAT": 19
  },
  "gold_label_counts": {
    "SAT": 19
  },
  "num_errors": 0,
  "avg_output_tokens": 2547.9473684210525,
  "avg_tokens_per_second": 21.02483065653633
}
Evaluating:  48%|████▊     | 19/40 [51:03<2:20:24, 401.15s/it]
====================================================================================================
Example 19 | dataset_id=sat_test_00019 | split=sat_test | gold=SAT
----------------------------------------------------------------------------------------------------
[UNSAT]

The puzzle is UNSAT because the conditions contain a direct contradiction. Specifically, condition 1 states that Alaric does not perform Illusion in Zone A, or Alaric does not perform Illusion in Zone B. This is logically equivalent to "Alaric performs Illusion in Zone A and Alaric performs Illusion in Zone B."

Condition 12 states that Alaric does not perform Illusion in Zone B.

These two conditions together imply that Alaric performs Illusion in both Zone A and Zone B, which directly contradicts condition 12. Therefore, the instance is UNSAT.

----------------------------------------------------------------------------------------------------

Current summary:
{
  "model_id": "Qwen/Qwen3.5-0.8B-Base",
  "num_total": 20,
  "num_sat_test": 20,
  "num_unsat_test": 0,
  "overall_accuracy": 0.0,
  "sat_test_accuracy": 0.0,
  "unsat_test_accuracy": null,
  "predicted_label_counts": {
    "UNSAT": 20
  },
  "gold_label_counts": {
    "SAT": 20
  },
  "num_errors": 0,
  "avg_output_tokens": 2427.25,
  "avg_tokens_per_second": 20.423186400473618
}
Evaluating:  50%|█████     | 20/40 [51:18<1:35:03, 285.19s/it]
====================================================================================================
Example 20 | dataset_id=unsat_test_00000 | split=unsat_test | gold=UNSAT
----------------------------------------------------------------------------------------------------
[UNSAT]

The instance is UNSAT because the conditions contain a direct contradiction. Specifically, condition 12 states "Noah does not investigate property 4 in the morning." Condition 18 states "Emma does not investigate property 4 in the afternoon." Since the morning and afternoon conditions are independent, these two clauses together imply that Noah and Emma cannot both investigate property 4 in the morning and afternoon, respectively. This creates a direct conflict that cannot be resolved by any assignment of the variables.

----------------------------------------------------------------------------------------------------

Current summary:
{
  "model_id": "Qwen/Qwen3.5-0.8B-Base",
  "num_total": 21,
  "num_sat_test": 20,
  "num_unsat_test": 1,
  "overall_accuracy": 0.047619047619047616,
  "sat_test_accuracy": 0.0,
  "unsat_test_accuracy": 1.0,
  "predicted_label_counts": {
    "UNSAT": 21
  },
  "gold_label_counts": {
    "SAT": 20,
    "UNSAT": 1
  },
  "num_errors": 0,
  "avg_output_tokens": 2316.6190476190477,
  "avg_tokens_per_second": 19.874406648505527
}
Evaluating:  52%|█████▎    | 21/40 [51:30<1:04:18, 203.10s/it]
====================================================================================================
Example 21 | dataset_id=unsat_test_00001 | split=unsat_test | gold=UNSAT
----------------------------------------------------------------------------------------------------
[UNSAT]

The puzzle is UNSAT because the conditions are mutually contradictory.

**Reasoning:**
1.  **Condition 2:** `x(2, 0, 0)` (Xylon develops solar energy during the day).
2.  **Condition 3:** `¬x(2, 0, 1) ∨ ¬x(2, 0, 0)` (Xylon does not develop solar energy at night or does not develop solar energy during the day).
3.  **Condition 4:** `¬x(1, 0, 1) ∨ x(1, 0, 0)` (Orion does not develop solar energy at night or develops solar energy during the day).
4.  **Condition 5:** `¬x(0, 1, 1) ∨ x(1, 0, 1)` (Vulcan does not develop nuclear energy at night or develops solar energy at night).
5.  **Condition 6:** `¬x(2, 0, 1) ∨ x(2, 2, 1)` (Xylon does not develop solar energy during the day or develops antimatter energy at night).
6.  **Condition 7:** `¬x(2, 2, 1) ∨ x(0, 1, 1)` (Xylon does not develop antimatter energy at night or develops nuclear energy at night).

**Analysis:**
-   From **Condition 2** and **Condition 6**, we have `x(2, 0, 0)` and `¬x(2, 0, 1)`. This implies `x(2, 0, 1)` is false.
-   From **Condition 3**, we have `¬x(2, 0, 1) ∨ ¬x(2, 0, 0)`. Since `x(2, 0, 1)` is false, this simplifies to `¬x(2, 0, 0)`. Therefore, `x(2, 0, 0)` is false.
-   This directly contradicts **Condition 2**.
-   Since we have a contradiction (Condition 2 and Condition 3), the instance is UNSAT.

----------------------------------------------------------------------------------------------------

Current summary:
{
  "model_id": "Qwen/Qwen3.5-0.8B-Base",
  "num_total": 22,
  "num_sat_test": 20,
  "num_unsat_test": 2,
  "overall_accuracy": 0.09090909090909091,
  "sat_test_accuracy": 0.0,
  "unsat_test_accuracy": 1.0,
  "predicted_label_counts": {
    "UNSAT": 22
  },
  "gold_label_counts": {
    "SAT": 20,
    "UNSAT": 2
  },
  "num_errors": 0,
  "avg_output_tokens": 2233.7727272727275,
  "avg_tokens_per_second": 19.433088429327256
}
Evaluating:  55%|█████▌    | 22/40 [52:18<47:01, 156.74s/it]  
====================================================================================================
Example 22 | dataset_id=unsat_test_00002 | split=unsat_test | gold=UNSAT
----------------------------------------------------------------------------------------------------
[UNSAT]

The conditions are contradictory. Let's analyze them:

1. (x(2,0,0) ∨ ¬x(3,1,0)) ∧ (¬x(2,0,0) ∨ x(3,1,0)) ∧ (¬x(2,0,0) ∨ ¬x(3,1,0)) ∧ (x(2,0,0) ∨ x(3,1,0))

This is a classic SAT problem. Let's simplify:

- From (1) and (2): (x(2,0,0) ∨ ¬x(3,1,0)) ∧ (¬x(2,0,0) ∨ x(3,1,0))
  - If x(2,0,0) is true, then from (2) we get x(3,1,0) must be true.
  - If x(2,0,0) is false, then from (1) we get x(3,1,0) must be false.
  - So x(2,0,0) and x(3,1,0) have opposite truth values.

- From (3) and (4): (¬x(2,0,0) ∨ ¬x(3,1,0)) ∧ (x(2,0,0) ∨ x(3,1,0))
  - If x(2,0,0) is true, then from (3) we get ¬x(3,1,0) must be true.
  - If x(2,0,0) is false, then from (3) we get x(3,1,0) must be true.
  - So x(2,0,0) and x(3,1,0) have opposite truth values.

- From (1) and (4): (x(2,0,0) ∨ ¬x(3,1,0)) ∧ (x(2,0,0) ∨ x(3,1,0))
  - If x(2,0,0) is true, then ¬x(3,1,0) must be true.
  - If x(2,0,0) is false, then x(3,1,0) must be true.
  - So x(2,0,0) and x(3,1,0) have opposite truth values.

- From (2) and (3): (¬x(2,0,0) ∨ x(3,1,0)) ∧ (¬x(2,0,0) ∨ ¬x(3,1,0))
  - If x(2,0,0) is true, then x(3,1,0) must be true.
  - If x(2,0,0) is false, then ¬x(3,1,0) must be true.
  - So x(2,0,0) and x(3,1,0) have opposite truth values.

All conditions require that x(2,0,0) and x(3,1,0) have opposite truth values. This is a contradiction because it's impossible for two variables to have opposite truth values simultaneously.

The instance is UNSAT.

----------------------------------------------------------------------------------------------------

Current summary:
{
  "model_id": "Qwen/Qwen3.5-0.8B-Base",
  "num_total": 23,
  "num_sat_test": 20,
  "num_unsat_test": 3,
  "overall_accuracy": 0.13043478260869565,
  "sat_test_accuracy": 0.0,
  "unsat_test_accuracy": 1.0,
  "predicted_label_counts": {
    "UNSAT": 23
  },
  "gold_label_counts": {
    "SAT": 20,
    "UNSAT": 3
  },
  "num_errors": 0,
  "avg_output_tokens": 2168.1739130434785,
  "avg_tokens_per_second": 19.055035254949008
}
Evaluating:  57%|█████▊    | 23/40 [53:26<36:49, 129.97s/it]
====================================================================================================
Example 23 | dataset_id=unsat_test_00003 | split=unsat_test | gold=UNSAT
----------------------------------------------------------------------------------------------------
[UNSAT]

The conditions are unsatisfiable because they create a contradiction. Let's analyze them step by step.

1. From condition 4: Oliver solves challenge type 2 at location 1.
2. From condition 3: Oliver does not solve challenge type 2 at location 1, or Sam solves challenge type 4 at location 1. Since Oliver solves challenge type 2, the second part must be false, so Sam does not solve challenge type 4 at location 1.
3. From condition 1: Sam does not solve challenge type 4 at location 1, or Nate solves challenge type 3 at location 1. Since Sam does not solve challenge type 4, the first part is true, so the second part must be true: Nate solves challenge type 3 at location 1.
4. From condition 2: Nate does not solve challenge type 3 at location 1, or Oliver does not solve challenge type 2 at location 1. Since Nate solves challenge type 3, the first part is false, so the second part must be true: Oliver does not solve challenge type 2 at location 1.
5. But condition 4 says Oliver solves challenge type 2 at location 1. This is a direct contradiction.

The conflict is between condition 4 and condition 2, which together imply Oliver solves challenge type 2 at location 1 and Oliver does not solve challenge type 2 at location 1. Therefore, the puzzle is UNSAT.

----------------------------------------------------------------------------------------------------

Current summary:
{
  "model_id": "Qwen/Qwen3.5-0.8B-Base",
  "num_total": 24,
  "num_sat_test": 20,
  "num_unsat_test": 4,
  "overall_accuracy": 0.16666666666666666,
  "sat_test_accuracy": 0.0,
  "unsat_test_accuracy": 1.0,
  "predicted_label_counts": {
    "UNSAT": 24
  },
  "gold_label_counts": {
    "SAT": 20,
    "UNSAT": 4
  },
  "num_errors": 0,
  "avg_output_tokens": 2091.0833333333335,
  "avg_tokens_per_second": 18.67458979810549
}
Evaluating:  60%|██████    | 24/40 [53:58<26:49, 100.59s/it]
====================================================================================================
Example 24 | dataset_id=unsat_test_00004 | split=unsat_test | gold=UNSAT
----------------------------------------------------------------------------------------------------
[UNSAT]

The puzzle is UNSAT because the conditions create a logical contradiction. Specifically, condition 14 ("The first lion exhibits behavior 4 during the day") directly conflicts with condition 19 ("Either the first lion doesn't exhibit behavior 4 during the day, or the zebra exhibits behavior 5 during the day"). This is a direct logical contradiction, making the instance unsatisfiable.

----------------------------------------------------------------------------------------------------

Current summary:
{
  "model_id": "Qwen/Qwen3.5-0.8B-Base",
  "num_total": 25,
  "num_sat_test": 20,
  "num_unsat_test": 5,
  "overall_accuracy": 0.2,
  "sat_test_accuracy": 0.0,
  "unsat_test_accuracy": 1.0,
  "predicted_label_counts": {
    "UNSAT": 25
  },
  "gold_label_counts": {
    "SAT": 20,
    "UNSAT": 5
  },
  "num_errors": 0,
  "avg_output_tokens": 2010.84,
  "avg_tokens_per_second": 18.285621890236875
}
Evaluating:  62%|██████▎   | 25/40 [54:07<18:18, 73.26s/it] 
====================================================================================================
Example 25 | dataset_id=unsat_test_00005 | split=unsat_test | gold=UNSAT
----------------------------------------------------------------------------------------------------
[UNSAT]

The conditions create a contradiction. From condition 2, we know x(2, 1, 0) is true (Dr. Lee conducts physics in lab). From condition 4, ¬x(1, 0, 0) ∨ ¬x(2, 1, 0) must be true. Since x(2, 1, 0) is true, the disjunction is false, so ¬x(1, 0, 0) must be false, meaning x(1, 0, 0) is true (Dr. Johnson conducts chemistry in lab).

From condition 1, ¬x(2, 0, 1) ∨ x(1, 0, 0) must be true. Since x(1, 0, 0) is true, the disjunction is true, so ¬x(2, 0, 1) is false, meaning x(2, 0, 1) is true (Dr. Smith conducts chemistry in lab).

From condition 3, ¬x(2, 1, 0) ∨ x(2, 0, 1) must be true. Since x(2, 1, 0) is true, the disjunction is false, so ¬x(2, 0, 1) must be false, meaning x(2, 0, 1) is true (Dr. Smith conducts chemistry in lab).

Now, from condition 1, ¬x(2, 0, 1) ∨ x(1, 0, 0) is true, but we just found x(2, 0, 1) is true, so ¬x(2, 0, 1) is false. Therefore, x(1, 0, 0) must be true, which we already have. However, condition 1 also requires ¬x(2, 0, 1) ∨ x(1, 0, 0) to be true, which is satisfied. But let's check condition 4: ¬x(1, 0, 0) ∨ ¬x(2, 1, 0). We have x(1, 0, 0) true, so ¬x(1, 0, 0) is false, and ¬x(2, 1, 0) is false (from condition 2), so the disjunction is false. This is a contradiction.

The conflict is in condition 4: it requires that either Dr. Johnson does not conduct a chemistry experiment in the lab or Dr. Lee does not conduct a physics experiment in the lab. But we have Dr. Johnson conducting a chemistry experiment in the lab (x(1, 0, 0) true) and Dr. Lee conducting a physics experiment in the lab (x(2, 1, 0) true), so Dr. Lee does conduct a physics experiment in the lab. Therefore, the second part of the disjunction in condition 4 is false, making the entire disjunction false. This is a direct contradiction.

----------------------------------------------------------------------------------------------------

Current summary:
{
  "model_id": "Qwen/Qwen3.5-0.8B-Base",
  "num_total": 26,
  "num_sat_test": 20,
  "num_unsat_test": 6,
  "overall_accuracy": 0.23076923076923078,
  "sat_test_accuracy": 0.0,
  "unsat_test_accuracy": 1.0,
  "predicted_label_counts": {
    "UNSAT": 26
  },
  "gold_label_counts": {
    "SAT": 20,
    "UNSAT": 6
  },
  "num_errors": 0,
  "avg_output_tokens": 1958.923076923077,
  "avg_tokens_per_second": 17.9703285134526
}
Evaluating:  65%|██████▌   | 26/40 [55:13<16:33, 70.94s/it]
====================================================================================================
Example 26 | dataset_id=unsat_test_00006 | split=unsat_test | gold=UNSAT
----------------------------------------------------------------------------------------------------
[UNSAT]

The puzzle is UNSAT because the conditions contain a direct contradiction. Specifically, condition 6 states: "Either Grackles do not exhibit trait 0 in the jungle, or Tharn do not exhibit trait 0 in the jungle." This is logically equivalent to: "Grackles exhibit trait 0 in the jungle OR Tharn exhibit trait 0 in the jungle."

Condition 7 states: "Either Grackles exhibit trait 0 in the jungle, or Tharn exhibit trait 0 in the jungle."

These two conditions are identical. Therefore, the puzzle is unsatisfiable because the conditions are logically equivalent and cannot both be true simultaneously.

----------------------------------------------------------------------------------------------------

Current summary:
{
  "model_id": "Qwen/Qwen3.5-0.8B-Base",
  "num_total": 27,
  "num_sat_test": 20,
  "num_unsat_test": 7,
  "overall_accuracy": 0.25925925925925924,
  "sat_test_accuracy": 0.0,
  "unsat_test_accuracy": 1.0,
  "predicted_label_counts": {
    "UNSAT": 27
  },
  "gold_label_counts": {
    "SAT": 20,
    "UNSAT": 7
  },
  "num_errors": 0,
  "avg_output_tokens": 1891.5555555555557,
  "avg_tokens_per_second": 17.659374993654357
}
Evaluating:  68%|██████▊   | 27/40 [55:27<11:42, 54.05s/it]
====================================================================================================
Example 27 | dataset_id=unsat_test_00007 | split=unsat_test | gold=UNSAT
----------------------------------------------------------------------------------------------------
[UNSAT]

The puzzle is UNSAT because the conditions are mutually exclusive and cannot all be satisfied simultaneously.

**Reasoning:**
1.  **Condition 1** states: `¬x(0, 2, 0) ∨ ¬x(1, 1, 1)`. This means Alice cannot overcome the magical barrier at the entrance **and** Bob cannot overcome the mountain in the deep woods.
2.  **Condition 2** states: `x(0, 2, 0) ∨ x(1, 1, 1)`. This means Alice **must** overcome the magical barrier at the entrance **or** Bob **must** overcome the mountain in the deep woods.
3.  **Condition 3** states: `x(2, 2, 0) ∨ ¬x(1, 1, 1)`. This means Charlie **must** overcome the magical barrier at the entrance **or** Bob **must not** overcome the mountain in the deep woods.
4.  **Condition 4** states: `x(0, 0, 0) ∨ x(1, 0, 1) ∨ x(2, 1, 1)`. This means Alice **must** overcome the river at the entrance **or** Bob **must** overcome the river in the deep woods **or** Charlie **must** overcome the mountain in the deep woods.
5.  **Condition 5** states: `¬x(0, 2, 0) ∨ x(2, 2, 0)`. This means Alice **cannot** overcome the magical barrier at the entrance **or** Charlie **must** overcome the magical barrier at the entrance.
6.  **Condition 6** states: `¬x(2, 2, 0) ∨ x(1, 1, 1)`. This means Charlie **cannot** overcome the magical barrier at the entrance **or** Bob **must** overcome the mountain in the deep woods.
7.  **Condition 7** states: `x(0, 2, 0) ∨ ¬x(2, 2, 0)`. This means Alice **must** overcome the magical barrier at the entrance **or** Charlie **must not** overcome the magical barrier at the entrance.

**Analysis:**
-   **Contradiction from Condition 1 and 5:** Condition 1 requires `¬x(0, 2, 0) ∨ ¬x(1, 1, 1)`. Condition 5 requires `¬x(0, 2, 0) ∨ x(2, 2, 0)`. These two clauses are contradictory because they both require `¬x(0, 2, 0)` to be true, but they allow `x(2, 2, 0)` to be true.
-   **Contradiction from Condition 2 and 6:** Condition 2 requires `x(0, 2, 0) ∨ x(1, 1, 1)`. Condition 6 requires `¬x(2, 2, 0) ∨ x(1, 1, 1)`. These two clauses are also contradictory because they both require `x(1, 1, 1)` to be true, but they allow `x(0, 2, 0)` to be true.
-   **Contradiction from Condition 3 and 7:** Condition 3 requires `x(2, 2, 0) ∨ ¬x(1, 1, 1)`. Condition 7 requires `x(0, 2, 0) ∨ ¬x(2, 2, 0)`. These two clauses are also contradictory because they both require `¬x(1, 1, 1)` to be true, but they allow `x(2, 2, 0)` to be true.
-   **Contradiction from Condition 4 and 6:** Condition 4 requires `x(0, 0, 0) ∨ x(1, 0, 1) ∨ x(2, 1, 1)`. Condition 6 requires `¬x(2, 2, 0) ∨ x(1, 1, 1)`. These two clauses are also contradictory because they both require `x(1, 1, 1)` to be true, but they allow `x(0, 0, 0)` to be true.

Since the conditions contain at least one pair of mutually exclusive clauses (e.g., Condition 1 and 5), the puzzle is **UNSAT**.

----------------------------------------------------------------------------------------------------

Current summary:
{
  "model_id": "Qwen/Qwen3.5-0.8B-Base",
  "num_total": 28,
  "num_sat_test": 20,
  "num_unsat_test": 8,
  "overall_accuracy": 0.2857142857142857,
  "sat_test_accuracy": 0.0,
  "unsat_test_accuracy": 1.0,
  "predicted_label_counts": {
    "UNSAT": 28
  },
  "gold_label_counts": {
    "SAT": 20,
    "UNSAT": 8
  },
  "num_errors": 0,
  "avg_output_tokens": 1860.0714285714287,
  "avg_tokens_per_second": 17.390797231611142
}
Evaluating:  70%|███████   | 28/40 [57:07<13:32, 67.73s/it]
====================================================================================================
Example 28 | dataset_id=unsat_test_00008 | split=unsat_test | gold=UNSAT
----------------------------------------------------------------------------------------------------
[UNSAT]

**Reasoning:**  
The conditions create a contradiction. Specifically, condition 3 states Val conducts a physical experiment in the lab. Condition 4 states that either Val does not conduct a biological experiment in the habitat, or Ethan conducts a physical experiment in the habitat. Since Val does conduct a physical experiment in the lab, the only way to satisfy condition 4 is for Ethan to conduct a physical experiment in the habitat. However, condition 7 states that either Ethan does not conduct a biological experiment in the lab, or Val conducts a physical experiment in the habitat. Since Val does conduct a physical experiment in the lab, condition 7 is satisfied regardless of Ethan's actions. But condition 4 requires Ethan to conduct a physical experiment in the habitat, which is consistent with condition 7. However, condition 5 states Mia does not conduct a chemical experiment in the lab. Condition 6 states that either Ethan does not conduct a biological experiment in the lab, or Mia conducts a chemical experiment in the lab. Since Mia does not conduct a chemical experiment in the lab, condition 6 requires Ethan to conduct a biological experiment in the lab. But condition 3 states Val conducts a physical experiment in the lab, not Ethan. This creates a conflict: Ethan must conduct a biological experiment in the lab (from condition 6), but condition 3 says Val conducts a physical experiment in the lab, not Ethan. Therefore, the instance is UNSAT.

----------------------------------------------------------------------------------------------------

Current summary:
{
  "model_id": "Qwen/Qwen3.5-0.8B-Base",
  "num_total": 29,
  "num_sat_test": 20,
  "num_unsat_test": 9,
  "overall_accuracy": 0.3103448275862069,
  "sat_test_accuracy": 0.0,
  "unsat_test_accuracy": 1.0,
  "predicted_label_counts": {
    "UNSAT": 29
  },
  "gold_label_counts": {
    "SAT": 20,
    "UNSAT": 9
  },
  "num_errors": 0,
  "avg_output_tokens": 1806.1379310344828,
  "avg_tokens_per_second": 17.134458624706564
}
Evaluating:  72%|███████▎  | 29/40 [57:37<10:19, 56.33s/it]
====================================================================================================
Example 29 | dataset_id=unsat_test_00009 | split=unsat_test | gold=UNSAT
----------------------------------------------------------------------------------------------------
[UNSAT]

The instance is UNSAT because the conditions contain a direct contradiction. Specifically, condition 16 states: "Either Hannah does not participate in project 4 during planning, or Eleanor does not participate in project 1 during execution." This is logically equivalent to: "Hannah participates in project 4 during planning OR Eleanor participates in project 1 during execution."

Condition 17 states: "Eleanor does not participate in project 1 during execution."

These two conditions together imply: "Hannah participates in project 4 during planning AND Eleanor participates in project 1 during execution."

However, condition 18 states: "George does not participate in project 2 during execution."

This creates a direct conflict: Hannah must participate in project 4 during planning, and George must not participate in project 2 during execution. Since Hannah and George are distinct individuals, this is a logical contradiction. Therefore, the instance is UNSAT.

----------------------------------------------------------------------------------------------------

Current summary:
{
  "model_id": "Qwen/Qwen3.5-0.8B-Base",
  "num_total": 30,
  "num_sat_test": 20,
  "num_unsat_test": 10,
  "overall_accuracy": 0.3333333333333333,
  "sat_test_accuracy": 0.0,
  "unsat_test_accuracy": 1.0,
  "predicted_label_counts": {
    "UNSAT": 30
  },
  "gold_label_counts": {
    "SAT": 20,
    "UNSAT": 10
  },
  "num_errors": 0,
  "avg_output_tokens": 1752.5,
  "avg_tokens_per_second": 16.904045886486276
}
Evaluating:  75%|███████▌  | 30/40 [57:56<07:32, 45.22s/it]
====================================================================================================
Example 30 | dataset_id=unsat_test_00010 | split=unsat_test | gold=UNSAT
----------------------------------------------------------------------------------------------------
[UNSAT]

The puzzle is UNSAT because the conditions contain a direct contradiction. Specifically, condition 1 and condition 12 both require that Dr. Kim finds compound 3 successful under condition 1, but condition 12 also requires that Dr. Kim does not find compound 3 successful under condition 1. This is a direct logical contradiction, making the instance unsatisfiable.

----------------------------------------------------------------------------------------------------

Current summary:
{
  "model_id": "Qwen/Qwen3.5-0.8B-Base",
  "num_total": 31,
  "num_sat_test": 20,
  "num_unsat_test": 11,
  "overall_accuracy": 0.3548387096774194,
  "sat_test_accuracy": 0.0,
  "unsat_test_accuracy": 1.0,
  "predicted_label_counts": {
    "UNSAT": 31
  },
  "gold_label_counts": {
    "SAT": 20,
    "UNSAT": 11
  },
  "num_errors": 0,
  "avg_output_tokens": 1698.6129032258063,
  "avg_tokens_per_second": 16.66812043568722
}
Evaluating:  78%|███████▊  | 31/40 [58:05<05:08, 34.23s/it]
====================================================================================================
Example 31 | dataset_id=unsat_test_00011 | split=unsat_test | gold=UNSAT
----------------------------------------------------------------------------------------------------
[UNSAT]

The instance is UNSAT because the conditions contain a direct contradiction. Specifically, condition 6 states "Plant 1 does not exhibit leaf color change under artificial light," and condition 7 states "Either Plant 3 does not exhibit flowering time under artificial light, or Plant 3 exhibits leaf color change under normal light." These two clauses cannot both be true simultaneously. For example, if Plant 1 does not exhibit leaf color change under artificial light, then condition 7 requires Plant 3 to exhibit leaf color change under normal light, but condition 6 explicitly forbids Plant 1 from exhibiting leaf color change under artificial light. This creates a direct logical conflict that cannot be resolved by any assignment.

----------------------------------------------------------------------------------------------------

Current summary:
{
  "model_id": "Qwen/Qwen3.5-0.8B-Base",
  "num_total": 32,
  "num_sat_test": 20,
  "num_unsat_test": 12,
  "overall_accuracy": 0.375,
  "sat_test_accuracy": 0.0,
  "unsat_test_accuracy": 1.0,
  "predicted_label_counts": {
    "UNSAT": 32
  },
  "gold_label_counts": {
    "SAT": 20,
    "UNSAT": 12
  },
  "num_errors": 0,
  "avg_output_tokens": 1650.09375,
  "avg_tokens_per_second": 16.458222047226236
}
Evaluating:  80%|████████  | 32/40 [58:19<03:46, 28.36s/it]
====================================================================================================
Example 32 | dataset_id=unsat_test_00012 | split=unsat_test | gold=UNSAT
----------------------------------------------------------------------------------------------------
[UNSAT]

The conditions are contradictory. From condition 1 and 2, we have: (Monkey plays in Grassland) ∧ (Elephant does not play in Grassland). From condition 3, we have: (Monkey does not play in Grassland) ∧ (Elephant does not play in Grassland). These two together imply Monkey plays in Grassland and Elephant does not play in Grassland, which contradicts the requirement that Elephant does not play in Grassland. Therefore, the instance is UNSAT.

----------------------------------------------------------------------------------------------------

Current summary:
{
  "model_id": "Qwen/Qwen3.5-0.8B-Base",
  "num_total": 33,
  "num_sat_test": 20,
  "num_unsat_test": 13,
  "overall_accuracy": 0.3939393939393939,
  "sat_test_accuracy": 0.0,
  "unsat_test_accuracy": 1.0,
  "predicted_label_counts": {
    "UNSAT": 33
  },
  "gold_label_counts": {
    "SAT": 20,
    "UNSAT": 13
  },
  "num_errors": 0,
  "avg_output_tokens": 1603.3636363636363,
  "avg_tokens_per_second": 16.25051367420628
}
Evaluating:  82%|████████▎ | 33/40 [58:31<02:42, 23.23s/it]
====================================================================================================
Example 33 | dataset_id=unsat_test_00013 | split=unsat_test | gold=UNSAT
----------------------------------------------------------------------------------------------------
[UNSAT]

The conditions are contradictory. From condition 1, the lion is not resting (¬x(0,1)). From condition 4, the bear is not resting (¬x(2,1)). Therefore, both the lion and the bear are not resting, which directly contradicts condition 2 (the tiger is not hunting, or the bear is hunting). Since the bear cannot be hunting (¬x(2,0)), condition 2 is violated. The other clauses are consistent with this contradiction.

----------------------------------------------------------------------------------------------------

Current summary:
{
  "model_id": "Qwen/Qwen3.5-0.8B-Base",
  "num_total": 34,
  "num_sat_test": 20,
  "num_unsat_test": 14,
  "overall_accuracy": 0.4117647058823529,
  "sat_test_accuracy": 0.0,
  "unsat_test_accuracy": 1.0,
  "predicted_label_counts": {
    "UNSAT": 34
  },
  "gold_label_counts": {
    "SAT": 20,
    "UNSAT": 14
  },
  "num_errors": 0,
  "avg_output_tokens": 1559.3823529411766,
  "avg_tokens_per_second": 16.055091955386583
}
Evaluating:  85%|████████▌ | 34/40 [58:42<01:57, 19.64s/it]
====================================================================================================
Example 34 | dataset_id=unsat_test_00014 | split=unsat_test | gold=UNSAT
----------------------------------------------------------------------------------------------------
[UNSAT]

The conditions are contradictory. For example, condition 1 says ¬x(0,) ∨ x(2,), and condition 2 says ¬x(0,) ∨ ¬x(2,). These two clauses cannot both be true simultaneously because if x(0,) is true, then x(2,) must be false (from condition 1), but if x(0,) is false, then x(2,) must be true (from condition 2). This creates a direct conflict. Additionally, condition 3 says x(0,) ∨ x(2,), which is consistent with the conflict, but the other clauses (4, 5) are also inconsistent with the conflict. Since the clauses are mutually exclusive, the instance is UNSAT.

----------------------------------------------------------------------------------------------------

Current summary:
{
  "model_id": "Qwen/Qwen3.5-0.8B-Base",
  "num_total": 35,
  "num_sat_test": 20,
  "num_unsat_test": 15,
  "overall_accuracy": 0.42857142857142855,
  "sat_test_accuracy": 0.0,
  "unsat_test_accuracy": 1.0,
  "predicted_label_counts": {
    "UNSAT": 35
  },
  "gold_label_counts": {
    "SAT": 20,
    "UNSAT": 15
  },
  "num_errors": 0,
  "avg_output_tokens": 1519.4,
  "avg_tokens_per_second": 15.875566500626425
}
Evaluating:  88%|████████▊ | 35/40 [58:58<01:33, 18.66s/it]
====================================================================================================
Example 35 | dataset_id=unsat_test_00015 | split=unsat_test | gold=UNSAT
----------------------------------------------------------------------------------------------------
[UNSAT]

The conditions are contradictory. From condition 2, we know Cactus does not exhibit diurnal growth. From condition 3, we have ¬x(2,0) ∨ ¬x(2,1). Since ¬x(2,0) is true, the disjunction is satisfied regardless of x(2,1). However, condition 4 states ¬x(2,1), which directly contradicts the disjunction in condition 3. Therefore, the instance is UNSAT.

----------------------------------------------------------------------------------------------------

Current summary:
{
  "model_id": "Qwen/Qwen3.5-0.8B-Base",
  "num_total": 36,
  "num_sat_test": 20,
  "num_unsat_test": 16,
  "overall_accuracy": 0.4444444444444444,
  "sat_test_accuracy": 0.0,
  "unsat_test_accuracy": 1.0,
  "predicted_label_counts": {
    "UNSAT": 36
  },
  "gold_label_counts": {
    "SAT": 20,
    "UNSAT": 16
  },
  "num_errors": 0,
  "avg_output_tokens": 1480.1666666666667,
  "avg_tokens_per_second": 15.704255964688517
}
Evaluating:  90%|█████████ | 36/40 [59:09<01:05, 16.37s/it]
====================================================================================================
Example 36 | dataset_id=unsat_test_00016 | split=unsat_test | gold=UNSAT
----------------------------------------------------------------------------------------------------
[UNSAT]

The puzzle is UNSAT because the conditions create a logical contradiction.

**Reasoning:**
1.  **From Condition 2:** Mia can prepare main courses in the restaurant kitchen.
2.  **From Condition 4:** Mia cannot prepare desserts in the test kitchen.
3.  **From Condition 1:** Either Mia cannot prepare main courses in the restaurant kitchen, or Emma can prepare desserts in the test kitchen.
    *   Since Mia *can* prepare main courses (Condition 2), the "Either...or" clause is false.
    *   Therefore, Emma *must* be able to prepare desserts in the test kitchen.
4.  **From Condition 3:** Either Lucas cannot prepare appetizers in the test kitchen, or Mia can prepare desserts in the test kitchen.
    *   Since Mia *can* prepare desserts in the test kitchen (Condition 3), the "Either...or" clause is true.
    *   This does not force Lucas to be able to prepare appetizers in the test kitchen.
5.  **From Condition 5:** Either Emma cannot prepare desserts in the test kitchen, or Lucas can prepare appetizers in the test kitchen.
    *   Since Emma *must* be able to prepare desserts in the test kitchen (Condition 4), the "Either...or" clause is false.
    *   Therefore, Lucas *must* be able to prepare appetizers in the test kitchen.

**Conclusion:**
The conditions force Emma to be able to prepare desserts in the test kitchen (Condition 4) and Lucas to be able to prepare appetizers in the test kitchen (Condition 5). However, Condition 3 only requires that *either* Lucas *cannot* prepare appetizers *or* Mia *can* prepare desserts. Since Mia *can* prepare desserts (Condition 2), the "or" is satisfied. There is no contradiction.

**However, the puzzle is UNSAT because the conditions are mutually exclusive.**
Let's re-express the conditions to find a contradiction:
*   Condition 1: (Mia cannot prepare main courses) OR (Emma can prepare desserts)
*   Condition 2: Mia can prepare main courses.
*   Condition 3: (Lucas cannot prepare appetizers) OR (Mia can prepare desserts)
*   Condition 4: Mia cannot prepare desserts.
*   Condition 5: (Emma cannot prepare desserts) OR (Lucas can prepare appetizers)

From Condition 4, Mia cannot prepare desserts.
From Condition 1, since Mia cannot prepare main courses, the "or" is false, so Emma *must* be able to prepare desserts.
From Condition 5, since Emma cannot prepare desserts, the "or" is false, so Lucas *must* be able to prepare appetizers.

The puzzle is UNSAT because the conditions are mutually exclusive. The only way to satisfy them is to have Emma be able to prepare desserts and Lucas be able to prepare appetizers. However, the conditions do not allow for both to be true simultaneously. The instance is unsatisfiable.

----------------------------------------------------------------------------------------------------

Current summary:
{
  "model_id": "Qwen/Qwen3.5-0.8B-Base",
  "num_total": 37,
  "num_sat_test": 20,
  "num_unsat_test": 17,
  "overall_accuracy": 0.4594594594594595,
  "sat_test_accuracy": 0.0,
  "unsat_test_accuracy": 1.0,
  "predicted_label_counts": {
    "UNSAT": 37
  },
  "gold_label_counts": {
    "SAT": 20,
    "UNSAT": 17
  },
  "num_errors": 0,
  "avg_output_tokens": 1457.837837837838,
  "avg_tokens_per_second": 15.547463656607327
}
Evaluating:  92%|█████████▎| 37/40 [1:00:15<01:33, 31.28s/it]
====================================================================================================
Example 37 | dataset_id=unsat_test_00017 | split=unsat_test | gold=UNSAT
----------------------------------------------------------------------------------------------------
[UNSAT]

The puzzle is UNSAT because the conditions contain a direct contradiction. Specifically, condition 1 states: "Either Nina does not conclude property 0 in field test, or Alex does not conclude property 4 in field test." This is logically equivalent to: "Nina does conclude property 0 in field test AND Alex does conclude property 4 in field test."

Condition 26 states: "Alex does not conclude property 4 in field test."

These two conditions cannot both be true simultaneously. Therefore, the instance is UNSAT.

----------------------------------------------------------------------------------------------------

Current summary:
{
  "model_id": "Qwen/Qwen3.5-0.8B-Base",
  "num_total": 38,
  "num_sat_test": 20,
  "num_unsat_test": 18,
  "overall_accuracy": 0.47368421052631576,
  "sat_test_accuracy": 0.0,
  "unsat_test_accuracy": 1.0,
  "predicted_label_counts": {
    "UNSAT": 38
  },
  "gold_label_counts": {
    "SAT": 20,
    "UNSAT": 18
  },
  "num_errors": 0,
  "avg_output_tokens": 1422.5263157894738,
  "avg_tokens_per_second": 15.374007451595979
}
Evaluating:  95%|█████████▌| 38/40 [1:00:28<00:51, 25.79s/it]
====================================================================================================
Example 38 | dataset_id=unsat_test_00018 | split=unsat_test | gold=UNSAT
----------------------------------------------------------------------------------------------------
[UNSAT]

The puzzle is UNSAT because the conditions are mutually contradictory.

**Reasoning:**
1.  **Condition 1:** `¬x(0, 4, 0) ∨ x(1, 1, 0)`
    *   This means: Either Alice does not test theory 4 in the lab, or Bob tests theory 1 in the lab.
    *   This is a **satisfiable** condition.

2.  **Condition 2:** `x(2, 2, 0) ∨ ¬x(2, 2, 1) ∨ ¬x(2, 4, 1)`
    *   This means: Either Carol tests theory 2 in the lab, or Carol does not test theory 2 in the field, or Carol does not test theory 4 in the field.
    *   This is a **satisfiable** condition.

3.  **Condition 3:** `¬x(0, 4, 0) ∨ ¬x(1, 1, 0)`
    *   This means: Either Alice does not test theory 4 in the lab, or Bob does not test theory 1 in the lab.
    *   This is a **satisfiable** condition.

4.  **Condition 4:** `x(0, 4, 0) ∨ x(1, 1, 0)`
    *   This means: Either Alice tests theory 4 in the lab, or Bob tests theory 1 in the lab.
    *   This is a **satisfiable** condition.

5.  **Condition 5:** `x(2, 1, 1) ∨ ¬x(1, 0, 0) ∨ ¬x(2, 3, 1)`
    *   This means: Either Carol tests theory 1 in the field, or Bob does not test theory 0 in the lab, or Carol does not test theory 3 in the field.
    *   This is a **satisfiable** condition.

6.  **Condition 6:** `x(0, 1, 1) ∨ x(0, 2, 1) ∨ x(1, 3, 0)`
    *   This means: Either Alice tests theory 1 in the field, or Alice tests theory 2 in the field, or Bob tests theory 3 in the lab.
    *   This is a **satisfiable** condition.

7.  **Condition 7:** `x(0, 4, 0) ∨ ¬x(1, 1, 0)`
    *   This means: Either Alice tests theory 4 in the lab, or Bob does not test theory 1 in the lab.
    *   This is a **satisfiable** condition.

**Conclusion:**
All seven conditions are individually satisfiable. There is no logical contradiction or conflict between them. Therefore, the puzzle is **UNSAT**.

----------------------------------------------------------------------------------------------------

Current summary:
{
  "model_id": "Qwen/Qwen3.5-0.8B-Base",
  "num_total": 39,
  "num_sat_test": 20,
  "num_unsat_test": 19,
  "overall_accuracy": 0.48717948717948717,
  "sat_test_accuracy": 0.0,
  "unsat_test_accuracy": 1.0,
  "predicted_label_counts": {
    "UNSAT": 39
  },
  "gold_label_counts": {
    "SAT": 20,
    "UNSAT": 19
  },
  "num_errors": 0,
  "avg_output_tokens": 1402.871794871795,
  "avg_tokens_per_second": 15.231310895751026
}
Evaluating:  98%|█████████▊| 39/40 [1:01:35<00:38, 38.12s/it]
====================================================================================================
Example 39 | dataset_id=unsat_test_00019 | split=unsat_test | gold=UNSAT
----------------------------------------------------------------------------------------------------
[UNSAT]

The conditions are contradictory. Let's analyze them:

1. Condition 1: ¬x(4,) ∨ ¬x(0,)
2. Condition 2: x(4,) ∨ x(0,)
3. Condition 3: ¬x(4,) ∨ x(0,)
4. Condition 4: x(4,) ∨ ¬x(0,)

From condition 1 and 3, we have ¬x(4,) ∨ ¬x(0,) and ¬x(4,) ∨ x(0,). By disjunction elimination, we get ¬x(4,) ∨ x(0,).

From condition 2 and 4, we have x(4,) ∨ x(0,) and x(4,) ∨ ¬x(0,). By disjunction elimination, we get x(4,) ∨ x(0,).

So we have both ¬x(4,) ∨ x(0,) and x(4,) ∨ x(0,). This is a contradiction because these two statements cannot both be true simultaneously.

The instance is UNSAT.

----------------------------------------------------------------------------------------------------

Current summary:
{
  "model_id": "Qwen/Qwen3.5-0.8B-Base",
  "num_total": 40,
  "num_sat_test": 20,
  "num_unsat_test": 20,
  "overall_accuracy": 0.5,
  "sat_test_accuracy": 0.0,
  "unsat_test_accuracy": 1.0,
  "predicted_label_counts": {
    "UNSAT": 40
  },
  "gold_label_counts": {
    "SAT": 20,
    "UNSAT": 20
  },
  "num_errors": 0,
  "avg_output_tokens": 1373.9,
  "avg_tokens_per_second": 15.102845927059757
}
Evaluating: 100%|██████████| 40/40 [1:01:59<00:00, 33.94s/it]Evaluating: 100%|██████████| 40/40 [1:01:59<00:00, 93.00s/it]

Final summary:
{
  "model_id": "Qwen/Qwen3.5-0.8B-Base",
  "num_total": 40,
  "num_sat_test": 20,
  "num_unsat_test": 20,
  "overall_accuracy": 0.5,
  "sat_test_accuracy": 0.0,
  "unsat_test_accuracy": 1.0,
  "predicted_label_counts": {
    "UNSAT": 40
  },
  "gold_label_counts": {
    "SAT": 20,
    "UNSAT": 20
  },
  "num_errors": 0,
  "avg_output_tokens": 1373.9,
  "avg_tokens_per_second": 15.102845927059757
}

Saved raw predictions to: results/baseline_qwen35_08b_base_results/qwen35_08b_base_test_predictions.jsonl
Saved CSV to: results/baseline_qwen35_08b_base_results/qwen35_08b_base_test_predictions.csv
Saved summary to: results/baseline_qwen35_08b_base_results/qwen35_08b_base_test_summary.json
